"Marker Name","LG","Ref Chrom","Ref Position","Ref Allele","Alt Allele","Map Position","Dose in P1","Dose in P2","ph.P.a","ph.P.b","ph.P.c","ph.P.d","ph.Q.e","ph.Q.f","ph.Q.g","ph.Q.h"
"c2_1263",1,"10", 2741776,NA,NA, 0.00,1,1,1,0,0,0,1,0,0,0
"c1_16114",1,"10", 2093720,NA,NA, 0.00,3,4,1,1,1,0,1,1,1,1
"c2_1092",1,"10", 2351455,NA,NA, 0.00,1,0,0,0,0,1,0,0,0,0
"c2_34449",1,"10", 3209868,NA,NA, 0.78,1,0,0,0,0,1,0,0,0,0
"c2_34430",1,"10", 3377997,NA,NA, 1.23,3,4,1,1,1,0,1,1,1,1
"c2_54140",1,"10", 3789697,NA,NA, 2.12,3,4,1,1,1,0,1,1,1,1
"c2_24747",1,"10", 4622745,NA,NA, 5.05,2,4,1,1,0,0,1,1,1,1
"c1_7801",1,"10", 4662747,NA,NA, 5.05,2,0,0,0,1,1,0,0,0,0
"c2_24739",1,"10", 4606889,NA,NA, 5.05,2,4,1,1,0,0,1,1,1,1
"c2_44266",1,"10", 3991078,NA,NA, 5.60,1,1,1,0,0,0,1,0,0,0
"c1_16148",1,"10", 4869289,NA,NA, 6.99,2,3,1,1,0,0,0,1,1,1
"c2_57296",1,"10", 4816432,NA,NA, 6.99,3,4,1,1,0,1,1,1,1,1
"c2_39868",1,"10", 5879492,NA,NA,11.28,3,3,1,1,1,0,0,1,1,1
"c2_19225",1,"10",38723959,NA,NA,14.96,2,3,0,1,0,1,1,1,1,0
"c2_19223",1,"10",38722264,NA,NA,14.97,2,1,1,0,1,0,0,0,0,1
"c1_3052",1,"10",29642643,NA,NA,16.94,2,0,1,0,1,0,0,0,0,0
"c1_13683",1,"10",30094746,NA,NA,16.94,2,4,0,1,0,1,1,1,1,1
"c1_13682",1,"10",30096205,NA,NA,16.95,2,4,0,1,0,1,1,1,1,1
"c2_33005",1,"10",39751153,NA,NA,16.95,3,2,1,0,1,1,1,0,0,1
"c1_14531",1,"10",40653719,NA,NA,16.95,1,2,0,1,0,0,0,1,1,0
"c2_49184",1,"10",40653537,NA,NA,17.84,3,2,1,1,1,0,0,1,1,0
"c2_33008",1,"10",39738068,NA,NA,17.84,1,2,0,0,0,1,1,0,0,1
"c2_34",1,"10",33235473,NA,NA,17.84,3,2,1,1,1,0,0,1,1,0
"c2_63",1,"10",34302921,NA,NA,18.06,1,2,0,0,0,1,1,0,0,1
"c2_41381",1,"10",46248626,NA,NA,18.71,3,3,0,1,1,1,1,1,0,1
"c2_1898",1,"10",23961414,NA,NA,18.72,1,2,0,0,0,1,1,0,0,1
"c2_1903",1,"10",23213794,NA,NA,18.72,3,2,1,1,1,0,0,1,1,0
"c2_40826",1,"10",45821679,NA,NA,19.87,4,3,1,1,1,1,1,1,1,0
"c2_41392",1,"10",46413319,NA,NA,21.28,3,3,0,1,1,1,1,1,0,1
"c1_12028",1,"10",45944624,NA,NA,21.37,0,2,0,0,0,0,0,0,1,1
"c2_41396",1,"10",46406260,NA,NA,21.65,1,2,1,0,0,0,0,0,1,1
"c2_41393",1,"10",46413302,NA,NA,21.91,3,2,0,1,1,1,1,1,0,0
"c2_56514",1,"10",46705264,NA,NA,22.50,3,2,0,1,1,1,1,1,0,0
"c2_48929",1,"10",45169330,NA,NA,22.50,4,3,1,1,1,1,1,1,0,1
"c2_40764",1,"10",47109411,NA,NA,24.96,0,1,0,0,0,0,0,0,0,1
"c2_40763",1,"10",47109426,NA,NA,25.08,1,2,1,0,0,0,0,0,1,1
"c1_16001",1,"10",47539878,NA,NA,28.76,2,2,1,1,0,0,0,1,1,0
"c2_45602",1,"10",48073693,NA,NA,29.87,2,2,1,1,0,0,0,1,1,0
"c2_45603",1,"10",48073593,NA,NA,30.39,2,2,0,0,1,1,1,0,0,1
"c1_13524",1,"10",48074905,NA,NA,30.39,2,2,1,1,0,0,0,1,1,0
"c2_45611",1,"10",48203431,NA,NA,31.17,2,2,0,0,1,1,1,0,0,1
"c2_25510",1,"10",48679881,NA,NA,32.54,2,2,1,1,0,0,0,1,1,0
"c2_25485",1,"10",48737840,NA,NA,32.79,2,2,1,1,0,0,0,1,1,0
"c1_16351",1,"10",48761642,NA,NA,32.79,2,2,1,1,0,0,0,1,1,0
"c1_8020",1,"10",48863048,NA,NA,33.06,3,2,1,1,1,0,0,1,1,0
"c2_25471",1,"10",48808404,NA,NA,33.06,2,2,1,1,0,0,0,1,1,0
"c1_8021",1,"10",48862950,NA,NA,33.06,1,2,0,0,0,1,1,0,0,1
"c2_57640",1,"10",49179309,NA,NA,33.46,3,2,1,1,1,0,0,1,1,0
"c2_38917",1,"10",49584775,NA,NA,34.01,1,2,0,0,0,1,1,0,0,1
"c2_53064",1,"10",49723063,NA,NA,34.38,3,2,1,1,1,0,0,1,1,0
"c2_27795",1,"10",50458044,NA,NA,36.30,3,1,1,1,1,0,0,1,0,0
"c2_27829",1,"10",50782097,NA,NA,37.37,1,1,0,0,0,1,0,0,1,0
"c1_15843",1,"10",49774970,NA,NA,37.38,4,2,1,1,1,1,0,1,1,0
"c2_27831",1,"10",50806407,NA,NA,38.03,2,4,0,1,0,1,1,1,1,1
"c2_53950",1,"10",51904140,NA,NA,39.53,3,3,1,1,1,0,1,1,0,1
"c2_53949",1,"10",51904174,NA,NA,39.53,1,1,0,0,0,1,0,0,1,0
"c2_31395",1,"10",51124055,NA,NA,40.14,3,1,1,0,1,1,0,0,1,0
"c2_53946",1,"10",51926832,NA,NA,41.04,2,0,1,0,1,0,0,0,0,0
"c2_51083",1,"10",52002272,NA,NA,41.23,2,4,0,1,0,1,1,1,1,1
"c1_15219",1,"10",52167709,NA,NA,41.23,2,4,0,1,0,1,1,1,1,1
"c2_53951",1,"10",51904076,NA,NA,41.23,3,3,1,0,1,1,1,0,1,1
"c1_10295",1,"10",53164109,NA,NA,42.70,1,1,0,1,0,0,0,1,0,0
"c1_14992",1,"10",52663730,NA,NA,43.31,2,4,0,1,0,1,1,1,1,1
"c1_11319",1,"10",53648500,NA,NA,44.33,3,3,1,1,0,1,1,1,1,0
"c1_4990",1,"10",55066508,NA,NA,47.49,2,2,1,1,0,0,1,1,0,0
"c1_10315",1,"10",54315048,NA,NA,47.78,3,4,1,0,1,1,1,1,1,1
"c1_9027",1,"10",56116729,NA,NA,51.55,1,3,0,0,1,0,1,0,1,1
"c2_48125",1,"10",55841755,NA,NA,51.58,4,3,1,1,1,1,1,1,1,0
"c2_29745",1,"10",56321366,NA,NA,52.20,1,3,0,0,1,0,1,0,1,1
"c1_14236",1,"10",55946697,NA,NA,52.20,4,3,1,1,1,1,1,1,1,0
"c2_48126",1,"10",55968638,NA,NA,52.20,4,2,1,1,1,1,0,1,0,1
"c2_15533",1,"10",55288428,NA,NA,52.39,3,3,0,1,1,1,0,1,1,1
"c2_15530",1,"10",55287654,NA,NA,52.40,3,2,0,1,1,1,0,1,0,1
"c1_7190",1,"10",57478874,NA,NA,59.37,1,1,0,0,1,0,0,0,0,1
"c1_7227",1,"10",57709979,NA,NA,59.37,3,3,1,1,0,1,1,1,1,0
