"Marker Name","LG","Ref Chrom","Ref Position","Ref Allele","Alt Allele","Map Position","Dosage in P","Dosage in Q","ph.P.a","ph.P.b","ph.P.c","ph.P.d","ph.P.e","ph.P.f","ph.Q.g","ph.Q.h","ph.Q.i","ph.Q.j","ph.Q.k","ph.Q.l"
"M_1",1,1,  121480,NA,NA,  0.00,1,2,1,0,0,0,0,0,1,1,0,0,0,0
"M_2",1,1,  163563,NA,NA,  0.03,1,0,0,1,0,0,0,0,0,0,0,0,0,0
"M_3",1,1,  495203,NA,NA,  0.03,2,1,0,1,1,0,0,0,0,0,1,0,0,0
"M_4",1,1,  497127,NA,NA,  0.03,1,1,0,0,0,1,0,0,0,0,0,1,0,0
"M_5",1,1,  784818,NA,NA,  0.17,1,0,0,0,0,1,0,0,0,0,0,0,0,0
"M_7",1,1,  867558,NA,NA,  0.17,2,1,0,1,0,0,1,0,0,0,1,0,0,0
"M_8",1,1,  550528,NA,NA,  0.17,1,4,1,0,0,0,0,0,1,1,0,0,1,1
"M_9",1,1,  550582,NA,NA,  0.18,1,0,0,0,0,0,1,0,0,0,0,0,0,0
"M_10",1,1,  716044,NA,NA,  0.18,2,3,1,1,0,0,0,0,1,0,1,1,0,0
"M_12",1,1,  537304,NA,NA,  0.26,2,1,0,1,0,0,1,0,0,0,1,0,0,0
"M_13",1,1,  429208,NA,NA,  0.27,2,3,0,1,0,1,0,0,0,1,1,1,0,0
"M_14",1,1,  437274,NA,NA,  0.28,2,0,0,0,1,0,1,0,0,0,0,0,0,0
"M_15",1,1,  981262,NA,NA,  1.03,1,0,0,0,0,0,0,1,0,0,0,0,0,0
"M_16",1,1, 1086626,NA,NA,  1.44,0,1,0,0,0,0,0,0,0,0,0,1,0,0
"M_17",1,1, 1487533,NA,NA,  1.69,1,1,0,0,0,0,1,0,0,0,1,0,0,0
"M_19",1,1, 1504678,NA,NA,  2.17,1,1,0,0,1,0,0,0,0,1,0,0,0,0
"M_20",1,1, 1194700,NA,NA,  2.34,1,1,0,0,0,0,1,0,0,0,1,0,0,0
"M_21",1,1,  349623,NA,NA,  2.34,3,1,0,0,1,1,0,1,0,0,0,1,0,0
"M_22",1,1,  416747,NA,NA,  2.34,1,3,1,0,0,0,0,0,1,0,0,0,1,1
"M_23",1,1, 1288407,NA,NA,  2.34,1,0,0,1,0,0,0,0,0,0,0,0,0,0
"M_24",1,1, 1333087,NA,NA,  2.64,1,0,0,0,0,0,0,1,0,0,0,0,0,0
"M_25",1,1,  273808,NA,NA,  2.86,2,1,0,1,0,0,1,0,0,0,1,0,0,0
"M_26",1,1,  349593,NA,NA,  3.32,1,0,0,0,0,0,0,1,0,0,0,0,0,0
"M_27",1,1,  467226,NA,NA,  4.22,3,2,1,0,1,0,1,0,1,1,0,0,0,0
"M_28",1,1,  489776,NA,NA,  4.33,1,1,0,0,0,1,0,0,0,0,0,1,0,0
"M_29",1,1,  489796,NA,NA,  5.31,1,1,0,0,0,1,0,0,0,0,0,1,0,0
"M_30",1,1, 1900298,NA,NA,  5.68,0,2,0,0,0,0,0,0,0,1,1,0,0,0
"M_31",1,1, 1909884,NA,NA,  6.25,2,2,0,1,0,0,0,1,0,1,1,0,0,0
"M_32",1,1,  750419,NA,NA,  6.25,0,1,0,0,0,0,0,0,0,0,0,1,0,0
"M_33",1,1,  784792,NA,NA,  6.25,1,0,0,0,0,1,0,0,0,0,0,0,0,0
"M_34",1,1, 1977472,NA,NA,  6.25,1,1,0,0,0,0,1,0,1,0,0,0,0,0
"M_35",1,1, 1997310,NA,NA,  6.26,1,0,0,1,0,0,0,0,0,0,0,0,0,0
"M_36",1,1,  629822,NA,NA,  6.26,1,1,0,1,0,0,0,0,0,0,1,0,0,0
"M_37",1,1,  630723,NA,NA,  7.08,0,1,0,0,0,0,0,0,0,0,0,1,0,0
"M_38",1,1,  956967,NA,NA,  8.05,1,1,0,0,1,0,0,0,0,1,0,0,0,0
"M_39",1,1,  981251,NA,NA,  9.32,2,0,0,0,0,1,0,1,0,0,0,0,0,0
"M_40",1,1, 2087392,NA,NA, 10.16,2,1,0,0,0,1,1,0,1,0,0,0,0,0
"M_41",1,1, 2114036,NA,NA, 10.50,1,0,0,0,0,0,1,0,0,0,0,0,0,0
"M_42",1,1, 1771427,NA,NA, 10.51,1,0,0,0,0,1,0,0,0,0,0,0,0,0
"M_43",1,1, 1824081,NA,NA, 11.12,1,0,0,0,0,1,0,0,0,0,0,0,0,0
"M_44",1,1, 2184190,NA,NA, 11.12,0,1,0,0,0,0,0,0,0,0,1,0,0,0
"M_45",1,1, 2222253,NA,NA, 11.12,1,1,0,0,0,0,0,1,0,0,1,0,0,0
"M_46",1,1, 2114217,NA,NA, 11.12,1,1,0,0,0,0,1,0,0,1,0,0,0,0
"M_47",1,1, 2168882,NA,NA, 11.12,1,1,0,0,0,1,0,0,1,0,0,0,0,0
"M_48",1,1, 1925262,NA,NA, 11.41,0,1,0,0,0,0,0,0,0,1,0,0,0,0
"M_49",1,1, 1959256,NA,NA, 11.42,1,1,0,0,0,1,0,0,0,0,0,1,0,0
"M_50",1,1, 2352097,NA,NA, 11.53,1,1,0,0,0,0,0,1,0,0,1,0,0,0
"M_51",1,1, 2426284,NA,NA, 11.80,0,1,0,0,0,0,0,0,0,0,0,1,0,0
"M_52",1,1, 2029708,NA,NA, 11.81,1,0,0,1,0,0,0,0,0,0,0,0,0,0
"M_53",1,1, 2029746,NA,NA, 11.81,3,1,1,0,1,0,0,1,0,0,1,0,0,0
"M_54",1,1, 2087359,NA,NA, 12.09,2,1,0,0,0,1,1,0,1,0,0,0,0,0
"M_55",1,1, 2308157,NA,NA, 12.09,1,0,0,1,0,0,0,0,0,0,0,0,0,0
"M_56",1,1, 2352086,NA,NA, 12.27,2,3,1,0,1,0,0,0,0,1,0,1,1,0
"M_57",1,1, 1730276,NA,NA, 12.32,0,1,0,0,0,0,0,0,0,1,0,0,0,0
"M_58",1,1, 1745713,NA,NA, 12.98,1,0,0,1,0,0,0,0,0,0,0,0,0,0
"M_59",1,1, 2233729,NA,NA, 12.98,1,1,0,0,0,1,0,0,1,0,0,0,0,0
"M_60",1,1, 2233756,NA,NA, 13.44,1,1,0,0,0,1,0,0,1,0,0,0,0,0
"M_61",1,1, 2837759,NA,NA, 13.89,1,0,0,0,0,0,1,0,0,0,0,0,0,0
"M_62",1,1, 2860318,NA,NA, 14.52,0,2,0,0,0,0,0,0,0,0,1,0,0,1
"M_63",1,1, 2559932,NA,NA, 14.64,1,1,0,0,0,1,0,0,1,0,0,0,0,0
"M_64",1,1, 2665760,NA,NA, 14.64,2,0,0,0,0,0,1,1,0,0,0,0,0,0
"M_66",1,1, 2673040,NA,NA, 14.90,1,1,0,0,0,1,0,0,1,0,0,0,0,0
"M_67",1,1, 2752130,NA,NA, 14.96,0,1,0,0,0,0,0,0,0,1,0,0,0,0
"M_68",1,1, 2755961,NA,NA, 14.97,1,0,0,1,0,0,0,0,0,0,0,0,0,0
"M_69",1,1, 2708166,NA,NA, 15.12,0,2,0,0,0,0,0,0,0,0,1,0,0,1
"M_70",1,1, 2729548,NA,NA, 15.16,1,0,0,0,0,0,1,0,0,0,0,0,0,0
"M_71",1,1, 2906496,NA,NA, 15.16,1,1,0,0,0,1,0,0,1,0,0,0,0,0
"M_72",1,1, 2940945,NA,NA, 15.71,1,0,0,1,0,0,0,0,0,0,0,0,0,0
"M_73",1,1, 1845054,NA,NA, 15.93,1,2,0,1,0,0,0,0,0,0,0,0,1,1
"M_74",1,1, 1845063,NA,NA, 16.46,0,1,0,0,0,0,0,0,0,0,1,0,0,0
"M_75",1,1, 2673043,NA,NA, 16.47,2,3,0,0,0,1,1,0,1,0,0,1,1,0
"M_76",1,1, 2673096,NA,NA, 16.67,1,2,0,0,0,0,1,0,0,0,0,1,1,0
"M_77",1,1, 2534815,NA,NA, 16.68,0,1,0,0,0,0,0,0,0,0,0,1,0,0
"M_78",1,1, 2542547,NA,NA, 17.50,0,1,0,0,0,0,0,0,0,0,0,1,0,0
"M_79",1,1, 2860431,NA,NA, 17.70,2,0,1,0,1,0,0,0,0,0,0,0,0,0
"M_80",1,1, 2906460,NA,NA, 17.94,1,1,0,0,0,1,0,0,1,0,0,0,0,0
"M_81",1,1, 2906470,NA,NA, 17.94,2,2,0,0,0,1,1,0,1,0,0,1,0,0
"M_82",1,1, 2766437,NA,NA, 17.94,2,0,1,0,1,0,0,0,0,0,0,0,0,0
"M_83",1,1, 2837745,NA,NA, 18.84,1,0,0,0,0,0,1,0,0,0,0,0,0,0
"M_84",1,1, 3293112,NA,NA, 19.34,3,0,1,1,1,0,0,0,0,0,0,0,0,0
"M_85",1,1, 3293159,NA,NA, 19.66,0,2,0,0,0,0,0,0,0,0,1,0,0,1
"M_86",1,1, 3344172,NA,NA, 19.68,3,2,1,1,1,0,0,0,1,0,0,0,1,0
"M_87",1,1, 3345909,NA,NA, 19.91,2,1,0,0,0,1,1,0,0,0,0,1,0,0
"M_88",1,1, 3410142,NA,NA, 20.08,0,2,0,0,0,0,0,0,0,0,1,0,0,1
"M_90",1,1, 3226680,NA,NA, 20.09,3,3,0,1,0,1,1,0,1,1,0,1,0,0
"M_91",1,1, 3226708,NA,NA, 20.09,3,3,1,0,1,0,0,1,0,0,1,0,1,1
"M_92",1,1, 3367069,NA,NA, 20.09,0,2,0,0,0,0,0,0,1,0,0,0,1,0
"M_93",1,1, 3371909,NA,NA, 20.39,1,0,0,1,0,0,0,0,0,0,0,0,0,0
"M_94",1,1, 3380031,NA,NA, 20.44,2,1,1,0,1,0,0,0,0,1,0,0,0,0
"M_95",1,1, 2486724,NA,NA, 20.44,1,1,0,0,0,0,1,0,0,0,0,0,1,0
"M_96",1,1, 2493455,NA,NA, 21.21,2,0,1,0,1,0,0,0,0,0,0,0,0,0
"M_97",1,1, 3816060,NA,NA, 21.40,0,2,0,0,0,0,0,0,0,0,1,0,0,1
"M_98",1,1, 3667469,NA,NA, 21.40,2,1,0,1,0,0,1,0,0,0,0,1,0,0
"M_99",1,1, 3700796,NA,NA, 21.41,2,3,0,0,0,1,0,1,1,0,1,0,0,1
"M_100",1,1, 3703081,NA,NA, 21.54,2,0,0,0,0,1,0,1,0,0,0,0,0,0
"M_101",1,1, 3632868,NA,NA, 21.72,0,1,0,0,0,0,0,0,0,0,0,0,1,0
"M_102",1,1, 3637516,NA,NA, 21.88,1,0,0,1,0,0,0,0,0,0,0,0,0,0
"M_103",1,1, 3868073,NA,NA, 21.89,2,4,0,1,0,1,0,0,1,1,1,0,0,1
"M_104",1,1, 3868124,NA,NA, 22.06,0,1,0,0,0,0,0,0,0,0,0,1,0,0
"M_105",1,1, 3217325,NA,NA, 22.23,2,0,1,0,1,0,0,0,0,0,0,0,0,0
"M_106",1,1, 3217345,NA,NA, 22.24,2,2,0,0,0,1,1,0,1,1,0,0,0,0
"M_107",1,1, 3725168,NA,NA, 22.60,0,3,0,0,0,0,0,0,0,1,1,0,0,1
"M_108",1,1, 3725266,NA,NA, 22.64,1,0,0,1,0,0,0,0,0,0,0,0,0,0
"M_109",1,1, 3380047,NA,NA, 22.64,1,2,0,0,0,0,0,1,0,0,1,0,0,1
"M_111",1,1, 3911900,NA,NA, 22.86,0,1,0,0,0,0,0,0,0,0,0,1,0,0
"M_112",1,1, 3911948,NA,NA, 22.91,0,1,0,0,0,0,0,0,0,1,0,0,0,0
"M_113",1,1, 3930003,NA,NA, 23.79,2,0,0,0,0,1,0,1,0,0,0,0,0,0
"M_114",1,1, 4070083,NA,NA, 23.80,1,3,0,1,0,0,0,0,0,0,1,1,0,1
"M_115",1,1, 3949338,NA,NA, 23.94,1,0,0,1,0,0,0,0,0,0,0,0,0,0
"M_116",1,1, 3975777,NA,NA, 23.94,0,1,0,0,0,0,0,0,0,0,0,1,0,0
"M_117",1,1, 3976504,NA,NA, 24.23,2,1,1,0,1,0,0,0,0,1,0,0,0,0
"M_118",1,1, 4039452,NA,NA, 24.24,0,1,0,0,0,0,0,0,0,0,0,1,0,0
"M_119",1,1, 4047797,NA,NA, 24.50,1,0,0,0,0,0,1,0,0,0,0,0,0,0
"M_120",1,1, 3787401,NA,NA, 24.61,0,1,0,0,0,0,0,0,0,0,0,1,0,0
"M_121",1,1, 3816009,NA,NA, 24.69,1,0,0,0,0,0,0,1,0,0,0,0,0,0
"M_122",1,1, 4153483,NA,NA, 25.16,0,2,0,0,0,0,0,0,0,0,1,0,0,1
"M_123",1,1, 4182021,NA,NA, 25.42,0,1,0,0,0,0,0,0,0,0,0,1,0,0
"M_124",1,1, 4255633,NA,NA, 25.80,2,3,1,0,1,0,0,0,1,0,1,0,0,1
"M_125",1,1, 4309656,NA,NA, 26.14,1,2,0,0,0,0,1,0,1,0,0,1,0,0
"M_126",1,1, 4342371,NA,NA, 26.42,1,2,0,0,0,0,0,1,0,1,0,0,1,0
"M_127",1,1, 4501393,NA,NA, 26.44,0,1,0,0,0,0,0,0,0,0,0,0,1,0
"M_129",1,1, 4338554,NA,NA, 26.62,1,1,0,1,0,0,0,0,1,0,0,0,0,0
"M_130",1,1, 4338571,NA,NA, 26.75,0,1,0,0,0,0,0,0,0,0,0,1,0,0
"M_131",1,1, 4503327,NA,NA, 27.04,3,2,0,1,0,1,1,0,1,0,0,1,0,0
"M_132",1,1, 4592296,NA,NA, 27.04,1,1,0,1,0,0,0,0,0,0,0,1,0,0
"M_133",1,1, 4342380,NA,NA, 27.54,2,2,1,0,1,0,0,0,0,0,1,0,0,1
"M_134",1,1, 4430638,NA,NA, 27.56,1,2,0,0,0,0,0,1,0,1,0,0,1,0
"M_135",1,1, 4449186,NA,NA, 27.97,0,2,0,0,0,0,0,0,0,0,1,0,0,1
"M_136",1,1, 4996749,NA,NA, 28.26,0,2,0,0,0,0,0,0,0,0,1,0,0,1
"M_137",1,1, 4997651,NA,NA, 28.26,2,1,0,1,0,1,0,0,0,0,0,1,0,0
"M_138",1,1, 4465643,NA,NA, 28.38,1,0,0,0,0,0,1,0,0,0,0,0,0,0
"M_140",1,1, 5074734,NA,NA, 28.70,1,1,0,0,0,0,0,1,0,1,0,0,0,0
"M_141",1,1, 5131570,NA,NA, 28.87,1,0,0,0,0,0,1,0,0,0,0,0,0,0
"M_142",1,1, 5193822,NA,NA, 30.07,2,0,1,0,1,0,0,0,0,0,0,0,0,0
"M_143",1,1, 5650016,NA,NA, 30.07,1,1,0,0,0,0,0,1,0,1,0,0,0,0
"M_144",1,1, 5658816,NA,NA, 30.07,1,0,0,0,0,0,1,0,0,0,0,0,0,0
"M_146",1,1, 5343146,NA,NA, 30.24,1,3,0,0,0,0,1,0,1,0,1,0,0,1
"M_147",1,1, 5354017,NA,NA, 30.24,0,1,0,0,0,0,0,0,0,0,0,0,1,0
"M_148",1,1, 5431809,NA,NA, 30.24,0,3,0,0,0,0,0,0,1,0,1,0,0,1
"M_149",1,1, 5785562,NA,NA, 30.74,0,1,0,0,0,0,0,0,0,0,0,1,0,0
"M_150",1,1, 5891075,NA,NA, 31.02,0,1,0,0,0,0,0,0,1,0,0,0,0,0
"M_151",1,1, 5604319,NA,NA, 31.02,2,0,1,0,1,0,0,0,0,0,0,0,0,0
"M_152",1,1, 5630315,NA,NA, 31.03,0,1,0,0,0,0,0,0,0,0,1,0,0,0
"M_153",1,1, 5630853,NA,NA, 31.03,1,0,0,0,0,0,1,0,0,0,0,0,0,0
"M_156",1,1, 5661281,NA,NA, 31.03,1,2,0,0,0,0,0,1,0,1,1,0,0,0
"M_157",1,1, 5431827,NA,NA, 31.03,3,1,1,0,1,0,1,0,0,0,0,0,1,0
"M_159",1,1, 5466661,NA,NA, 31.03,1,2,0,0,0,0,1,0,0,0,0,0,1,1
"M_161",1,1, 5596703,NA,NA, 32.44,0,1,0,0,0,0,0,0,1,0,0,0,0,0
"M_162",1,1, 5993665,NA,NA, 32.45,2,1,1,0,1,0,0,0,0,0,0,0,0,1
"M_163",1,1, 6024988,NA,NA, 32.47,0,1,0,0,0,0,0,0,0,0,0,1,0,0
"M_164",1,1, 5698760,NA,NA, 32.48,1,2,0,0,0,0,0,1,0,1,1,0,0,0
"M_165",1,1, 5785520,NA,NA, 32.69,1,0,0,0,0,0,1,0,0,0,0,0,0,0
"M_166",1,1, 4713088,NA,NA, 32.70,1,0,0,1,0,0,0,0,0,0,0,0,0,0
"M_167",1,1, 4723729,NA,NA, 33.07,1,0,0,1,0,0,0,0,0,0,0,0,0,0
"M_168",1,1, 5919104,NA,NA, 33.08,1,0,0,0,0,1,0,0,0,0,0,0,0,0
"M_169",1,1, 5950436,NA,NA, 33.49,1,0,0,0,0,0,1,0,0,0,0,0,0,0
"M_170",1,1, 6030336,NA,NA, 33.96,2,2,0,1,0,1,0,0,1,0,1,0,0,0
"M_171",1,1, 6030866,NA,NA, 34.44,0,1,0,0,0,0,0,0,1,0,0,0,0,0
"M_172",1,1, 6045078,NA,NA, 34.65,0,1,0,0,0,0,0,0,0,0,0,1,0,0
"M_173",1,1, 4197733,NA,NA, 34.97,1,0,0,1,0,0,0,0,0,0,0,0,0,0
"M_175",1,1, 6058108,NA,NA, 35.21,0,1,0,0,0,0,0,0,1,0,0,0,0,0
"M_176",1,1, 6487538,NA,NA, 36.77,0,1,0,0,0,0,0,0,0,0,0,0,1,0
"M_177",1,1, 8634078,NA,NA, 36.85,2,2,0,1,0,1,0,0,1,0,0,1,0,0
"M_178",1,1, 8634096,NA,NA, 36.96,1,1,0,0,0,0,1,0,0,0,1,0,0,0
"M_180",1,1, 8622548,NA,NA, 37.21,2,0,0,1,0,1,0,0,0,0,0,0,0,0
"M_181",1,1, 8634112,NA,NA, 37.42,0,1,0,0,0,0,0,0,1,0,0,0,0,0
"M_182",1,1, 8634184,NA,NA, 37.46,0,1,0,0,0,0,0,0,0,0,1,0,0,0
"M_183",1,1, 8302660,NA,NA, 38.44,1,2,0,0,0,0,0,1,0,1,1,0,0,0
"M_184",1,1, 8302664,NA,NA, 38.45,2,0,0,1,0,1,0,0,0,0,0,0,0,0
"M_185",1,1, 8308723,NA,NA, 38.45,1,0,0,0,0,0,1,0,0,0,0,0,0,0
"M_186",1,1, 8360726,NA,NA, 38.68,1,0,0,0,0,0,1,0,0,0,0,0,0,0
"M_187",1,1, 8467942,NA,NA, 38.68,3,2,1,0,1,0,0,1,0,1,1,0,0,0
"M_188",1,1, 8282896,NA,NA, 38.68,2,0,1,0,1,0,0,0,0,0,0,0,0,0
"M_189",1,1, 8282914,NA,NA, 38.76,0,1,0,0,0,0,0,0,1,0,0,0,0,0
"M_190",1,1, 7784767,NA,NA, 39.14,2,0,0,1,0,1,0,0,0,0,0,0,0,0
"M_191",1,1, 7862625,NA,NA, 39.14,0,2,0,0,0,0,0,0,1,0,0,1,0,0
"M_192",1,1, 8025473,NA,NA, 39.14,3,3,1,0,1,0,0,1,0,1,1,0,1,0
"M_193",1,1, 8084173,NA,NA, 39.75,2,4,0,0,0,0,1,1,0,1,0,1,1,1
"M_194",1,1, 7612707,NA,NA, 39.75,2,0,1,0,1,0,0,0,0,0,0,0,0,0
"M_195",1,1, 7784717,NA,NA, 39.75,0,1,0,0,0,0,0,0,0,0,0,0,1,0
"M_196",1,1, 7005480,NA,NA, 39.76,1,1,0,0,0,0,0,1,0,0,0,1,0,0
"M_197",1,1, 7038218,NA,NA, 39.89,0,1,0,0,0,0,0,0,0,0,0,0,1,0
"M_198",1,1, 7328563,NA,NA, 40.03,1,1,0,0,0,0,0,1,0,1,0,0,0,0
"M_199",1,1, 7542068,NA,NA, 40.05,2,0,1,0,1,0,0,0,0,0,0,0,0,0
"M_200",1,1, 7543871,NA,NA, 40.06,2,0,0,1,0,1,0,0,0,0,0,0,0,0
"M_201",1,1, 7568324,NA,NA, 40.29,0,1,0,0,0,0,0,0,0,0,0,0,1,0
"M_202",1,1, 7039636,NA,NA, 40.29,0,1,0,0,0,0,0,0,1,0,0,0,0,0
"M_203",1,1, 7210161,NA,NA, 40.29,1,4,0,0,0,0,0,1,0,1,0,1,1,1
"M_204",1,1, 7885348,NA,NA, 40.54,0,1,0,0,0,0,0,0,0,0,0,1,0,0
"M_205",1,1, 7885366,NA,NA, 40.88,2,0,1,0,1,0,0,0,0,0,0,0,0,0
"M_206",1,1, 7976954,NA,NA, 41.57,0,1,0,0,0,0,0,0,0,0,0,1,0,0
"M_207",1,1, 9704111,NA,NA, 42.00,1,0,0,0,0,0,0,1,0,0,0,0,0,0
"M_208",1,1, 9704580,NA,NA, 42.00,3,1,1,0,1,0,0,1,0,0,0,0,1,0
"M_209",1,1, 9439774,NA,NA, 42.02,0,1,0,0,0,0,0,0,1,0,0,0,0,0
"M_210",1,1, 9597227,NA,NA, 42.02,3,3,0,1,0,1,0,1,0,1,0,0,1,1
"M_211",1,1, 9704614,NA,NA, 42.18,1,1,0,0,0,0,0,1,0,0,0,0,1,0
"M_212",1,1,10025814,NA,NA, 42.37,0,1,0,0,0,0,0,0,1,0,0,0,0,0
"M_213",1,1,10266582,NA,NA, 43.84,2,0,1,0,1,0,0,0,0,0,0,0,0,0
"M_214",1,1,10363337,NA,NA, 44.32,0,1,0,0,0,0,0,0,0,0,1,0,0,0
"M_215",1,1,10913706,NA,NA, 44.45,1,0,0,0,0,0,1,0,0,0,0,0,0,0
"M_216",1,1,10950177,NA,NA, 44.83,2,3,0,0,0,1,0,1,1,0,1,0,0,1
"M_217",1,1,10950977,NA,NA, 44.97,0,1,0,0,0,0,0,0,0,0,0,0,1,0
"M_218",1,1,10955728,NA,NA, 45.13,0,2,0,0,0,0,0,0,0,0,1,0,1,0
"M_219",1,1,11823581,NA,NA, 45.49,1,1,0,1,0,0,0,0,0,1,0,0,0,0
"M_220",1,1,10913682,NA,NA, 45.96,0,1,0,0,0,0,0,0,0,0,0,0,1,0
"M_222",1,1,11589868,NA,NA, 46.79,0,1,0,0,0,0,0,0,0,1,0,0,0,0
"M_223",1,1,11592729,NA,NA, 46.79,1,1,0,0,0,0,1,0,0,0,0,0,0,1
"M_224",1,1,12367431,NA,NA, 46.93,1,2,0,0,0,0,1,0,0,1,0,0,0,1
"M_226",1,1,11787472,NA,NA, 46.93,0,1,0,0,0,0,0,0,0,0,0,0,1,0
"M_227",1,1,11819900,NA,NA, 46.93,0,1,0,0,0,0,0,0,0,0,0,1,0,0
"M_229",1,1,12362030,NA,NA, 47.02,1,0,0,1,0,0,0,0,0,0,0,0,0,0
"M_231",1,1,11734777,NA,NA, 47.35,0,1,0,0,0,0,0,0,0,0,0,1,0,0
"M_232",1,1,11940202,NA,NA, 47.36,0,1,0,0,0,0,0,0,0,0,0,0,1,0
"M_233",1,1,12079530,NA,NA, 48.21,2,1,1,0,1,0,0,0,0,1,0,0,0,0
"M_234",1,1,16029451,NA,NA, 48.40,0,1,0,0,0,0,0,0,0,0,1,0,0,0
"M_235",1,1,14337472,NA,NA, 49.04,1,0,0,0,0,1,0,0,0,0,0,0,0,0
"M_236",1,1,14636794,NA,NA, 49.07,0,1,0,0,0,0,0,0,0,0,1,0,0,0
"M_237",1,1,14774482,NA,NA, 49.59,2,2,0,0,0,1,1,0,0,0,0,1,0,1
"M_238",1,1,13596550,NA,NA, 49.79,1,0,0,0,0,0,1,0,0,0,0,0,0,0
"M_239",1,1,14073572,NA,NA, 49.79,3,1,1,1,0,1,0,0,0,0,0,0,1,0
"M_240",1,1,12221077,NA,NA, 49.80,1,0,0,0,0,1,0,0,0,0,0,0,0,0
"M_242",1,1,17537601,NA,NA, 50.67,1,1,0,0,0,0,0,1,1,0,0,0,0,0
"M_243",1,1,19612833,NA,NA, 50.70,1,0,0,0,0,0,1,0,0,0,0,0,0,0
"M_244",1,1,17036386,NA,NA, 51.18,2,3,0,0,1,0,1,0,0,0,1,0,1,1
"M_245",1,1,17036424,NA,NA, 51.18,0,2,0,0,0,0,0,0,0,0,1,0,0,1
"M_246",1,1,14774485,NA,NA, 51.19,0,2,0,0,0,0,0,0,0,0,1,0,1,0
"M_247",1,1,14947771,NA,NA, 51.20,0,1,0,0,0,0,0,0,0,0,0,0,1,0
"M_248",1,1,12367424,NA,NA, 52.50,1,2,0,0,0,0,1,0,0,1,0,0,0,1
"M_250",1,1,12367430,NA,NA, 52.92,1,2,0,0,0,0,1,0,0,1,0,0,0,1
"M_251",1,1,15146411,NA,NA, 53.86,2,0,0,0,1,0,1,0,0,0,0,0,0,0
"M_252",1,1,15196473,NA,NA, 55.11,0,1,0,0,0,0,0,0,0,0,1,0,0,0
"M_253",1,1,23158521,NA,NA, 55.19,0,2,0,0,0,0,0,0,0,1,0,0,1,0
"M_254",1,1,23367569,NA,NA, 55.19,2,1,0,1,1,0,0,0,0,0,1,0,0,0
"M_255",1,1,22925294,NA,NA, 55.37,2,2,1,0,0,0,0,1,1,0,1,0,0,0
"M_256",1,1,23118316,NA,NA, 55.37,2,1,1,0,0,0,0,1,1,0,0,0,0,0
"M_257",1,1,23369799,NA,NA, 55.53,1,0,0,1,0,0,0,0,0,0,0,0,0,0
"M_259",1,1,23118364,NA,NA, 55.58,2,1,1,0,0,0,0,1,1,0,0,0,0,0
"M_260",1,1,23121729,NA,NA, 56.22,1,0,0,0,0,0,1,0,0,0,0,0,0,0
"M_261",1,1,23719661,NA,NA, 56.25,1,1,0,1,0,0,0,0,0,0,0,1,0,0
"M_262",1,1,23740929,NA,NA, 56.80,2,1,0,1,0,0,0,1,0,0,0,1,0,0
"M_263",1,1,23444205,NA,NA, 56.81,1,2,0,0,0,1,0,0,0,1,0,1,0,0
"M_264",1,1,23719636,NA,NA, 56.81,1,1,0,0,0,0,0,1,0,1,0,0,0,0
"M_265",1,1,23759896,NA,NA, 56.93,0,2,0,0,0,0,0,0,0,0,0,0,1,1
"M_266",1,1,23759915,NA,NA, 56.93,2,2,0,1,1,0,0,0,0,0,1,1,0,0
"M_267",1,1,23930559,NA,NA, 56.96,0,1,0,0,0,0,0,0,0,0,1,0,0,0
"M_268",1,1,23954923,NA,NA, 57.27,1,0,0,0,0,1,0,0,0,0,0,0,0,0
"M_269",1,1,24035034,NA,NA, 57.78,1,0,0,0,0,0,0,1,0,0,0,0,0,0
"M_270",1,1,24094180,NA,NA, 58.35,0,1,0,0,0,0,0,0,0,0,0,1,0,0
"M_271",1,1,24104169,NA,NA, 58.50,3,1,0,0,1,1,0,1,0,0,1,0,0,0
"M_272",1,1,24155421,NA,NA, 58.50,1,1,0,1,0,0,0,0,0,0,0,0,1,0
"M_274",1,1,24179197,NA,NA, 58.63,1,1,0,1,0,0,0,0,0,0,0,0,1,0
"M_275",1,1,24179228,NA,NA, 59.20,1,1,0,0,0,1,0,0,0,1,0,0,0,0
"M_276",1,1,24298886,NA,NA, 59.22,1,0,0,1,0,0,0,0,0,0,0,0,0,0
"M_277",1,1,24488679,NA,NA, 59.58,1,0,0,0,0,0,0,1,0,0,0,0,0,0
"M_278",1,1,24604190,NA,NA, 59.69,2,0,0,0,1,0,0,1,0,0,0,0,0,0
"M_279",1,1,24934820,NA,NA, 59.90,0,2,0,0,0,0,0,0,0,0,1,1,0,0
"M_280",1,1,25056674,NA,NA, 59.90,1,0,0,0,0,1,0,0,0,0,0,0,0,0
"M_281",1,1,25465215,NA,NA, 59.90,3,1,1,0,0,0,1,1,1,0,0,0,0,0
"M_282",1,1,24346308,NA,NA, 59.91,1,3,0,0,1,0,0,0,0,0,1,1,0,1
"M_283",1,1,24406555,NA,NA, 60.07,1,0,0,1,0,0,0,0,0,0,0,0,0,0
"M_285",1,1,24344356,NA,NA, 60.24,1,1,0,0,0,0,0,1,0,1,0,0,0,0
"M_286",1,1,25245415,NA,NA, 60.24,1,1,0,1,0,0,0,0,0,0,0,1,0,0
"M_287",1,1,25201824,NA,NA, 60.34,1,1,0,0,0,1,0,0,0,1,0,0,0,0
"M_289",1,1,25225457,NA,NA, 60.45,1,1,0,0,0,1,0,0,0,1,0,0,0,0
"M_291",1,1,25245414,NA,NA, 60.77,1,2,0,0,1,0,0,0,0,0,1,0,0,1
"M_292",1,1,25193388,NA,NA, 60.77,1,1,0,0,0,1,0,0,0,1,0,0,0,0
"M_293",1,1,25196377,NA,NA, 60.77,0,1,0,0,0,0,0,0,0,0,1,0,0,0
"M_294",1,1,25162529,NA,NA, 60.79,1,0,0,0,0,1,0,0,0,0,0,0,0,0
"M_295",1,1,25169035,NA,NA, 61.13,0,1,0,0,0,0,0,0,0,0,0,0,1,0
"M_296",1,1,25201779,NA,NA, 61.15,0,1,0,0,0,0,0,0,0,0,1,0,0,0
"M_297",1,1,25201808,NA,NA, 61.31,1,0,0,1,0,0,0,0,0,0,0,0,0,0
"M_298",1,1,25371180,NA,NA, 61.34,1,1,0,0,0,1,0,0,0,1,0,0,0,0
"M_299",1,1,25371189,NA,NA, 61.34,1,3,0,0,1,0,0,0,0,0,1,1,0,1
"M_301",1,1,25575688,NA,NA, 61.34,1,1,0,0,0,1,0,0,0,0,0,0,1,0
"M_302",1,1,25431360,NA,NA, 61.46,3,2,1,1,0,0,1,0,1,0,0,0,1,0
"M_304",1,1,25448884,NA,NA, 62.12,0,1,0,0,0,0,0,0,0,0,0,1,0,0
"M_305",1,1,25448938,NA,NA, 62.55,1,1,0,0,1,0,0,0,0,0,0,0,0,1
"M_306",1,1,25459414,NA,NA, 62.67,1,0,0,1,0,0,0,0,0,0,0,0,0,0
"M_307",1,1,25766054,NA,NA, 62.86,1,0,0,0,0,1,0,0,0,0,0,0,0,0
"M_308",1,1,25908000,NA,NA, 62.86,0,1,0,0,0,0,0,0,0,1,0,0,0,0
"M_309",1,1,25642212,NA,NA, 63.04,1,2,0,0,0,1,0,0,0,0,1,0,1,0
"M_310",1,1,25720556,NA,NA, 63.32,1,2,0,0,0,1,0,0,0,1,1,0,0,0
"M_311",1,1,25724117,NA,NA, 63.32,0,1,0,0,0,0,0,0,0,0,1,0,0,0
"M_312",1,1,25724153,NA,NA, 63.69,0,1,0,0,0,0,0,0,0,0,1,0,0,0
"M_313",1,1,25983824,NA,NA, 63.69,2,1,0,1,0,1,0,0,0,1,0,0,0,0
"M_315",1,1,25910157,NA,NA, 63.69,1,1,0,1,0,0,0,0,0,0,1,0,0,0
"M_317",1,1,26065089,NA,NA, 64.28,2,1,0,1,0,1,0,0,0,0,0,0,1,0
"M_318",1,1,26083541,NA,NA, 64.28,1,2,0,0,1,0,0,0,1,0,0,0,0,1
"M_319",1,1,26106251,NA,NA, 64.28,1,0,0,1,0,0,0,0,0,0,0,0,0,0
"M_320",1,1,26018970,NA,NA, 64.28,0,1,0,0,0,0,0,0,0,1,0,0,0,0
"M_321",1,1,26018991,NA,NA, 64.64,2,2,0,1,0,1,0,0,0,1,0,0,1,0
"M_322",1,1,26397605,NA,NA, 64.64,0,1,0,0,0,0,0,0,0,1,0,0,0,0
"M_324",1,1,26325738,NA,NA, 64.95,0,3,0,0,0,0,0,0,0,1,1,0,1,0
"M_325",1,1,26326071,NA,NA, 64.96,0,1,0,0,0,0,0,0,0,0,0,0,1,0
"M_326",1,1,26135999,NA,NA, 65.03,1,1,0,0,0,1,0,0,0,0,1,0,0,0
"M_327",1,1,26148684,NA,NA, 65.07,1,0,0,1,0,0,0,0,0,0,0,0,0,0
"M_328",1,1,26326098,NA,NA, 65.28,1,2,0,0,1,0,0,0,1,0,0,0,0,1
"M_330",1,1,26468306,NA,NA, 66.26,3,1,1,0,0,1,1,0,0,0,0,1,0,0
"M_331",1,1,26468341,NA,NA, 66.36,3,1,1,0,0,1,1,0,0,0,0,1,0,0
"M_332",1,1,26153038,NA,NA, 66.37,1,0,0,0,0,1,0,0,0,0,0,0,0,0
"M_334",1,1,26153371,NA,NA, 66.87,0,1,0,0,0,0,0,0,0,1,0,0,0,0
"M_336",1,1,26148686,NA,NA, 66.88,0,1,0,0,0,0,0,0,0,0,1,0,0,0
"M_337",1,1,26150361,NA,NA, 66.92,0,1,0,0,0,0,0,0,0,0,0,0,1,0
"M_338",1,1,26523480,NA,NA, 67.57,1,0,0,0,0,1,0,0,0,0,0,0,0,0
"M_339",1,1,26535219,NA,NA, 67.58,3,2,1,0,0,0,1,1,0,1,0,0,1,0
"M_340",1,1,26535744,NA,NA, 67.59,1,1,0,1,0,0,0,0,0,0,1,0,0,0
"M_341",1,1,27017137,NA,NA, 67.73,0,1,0,0,0,0,0,0,0,0,0,1,0,0
"M_342",1,1,26622818,NA,NA, 68.28,1,0,0,1,0,0,0,0,0,0,0,0,0,0
"M_343",1,1,26676766,NA,NA, 68.32,3,0,1,0,1,0,1,0,0,0,0,0,0,0
"M_344",1,1,26684774,NA,NA, 68.35,2,1,0,1,0,0,0,1,0,0,0,0,1,0
"M_345",1,1,26574702,NA,NA, 68.40,1,1,0,1,0,0,0,0,0,0,1,0,0,0
"M_346",1,1,26574717,NA,NA, 68.41,1,3,0,1,0,0,0,0,1,0,0,1,0,1
"M_347",1,1,26535780,NA,NA, 68.74,1,1,0,1,0,0,0,0,0,0,1,0,0,0
"M_348",1,1,26555452,NA,NA, 68.74,2,1,1,0,0,0,1,0,0,0,1,0,0,0
"M_349",1,1,26707778,NA,NA, 68.75,0,1,0,0,0,0,0,0,0,0,0,1,0,0
"M_350",1,1,26744483,NA,NA, 68.76,4,1,1,1,1,0,1,0,0,0,0,0,1,0
"M_351",1,1,26566841,NA,NA, 69.21,0,1,0,0,0,0,0,0,0,0,1,0,0,0
"M_353",1,1,27079870,NA,NA, 69.26,1,0,0,1,0,0,0,0,0,0,0,0,0,0
"M_354",1,1,27090341,NA,NA, 69.74,0,1,0,0,0,0,0,0,0,0,0,1,0,0
"M_355",1,1,26909424,NA,NA, 70.13,1,0,0,1,0,0,0,0,0,0,0,0,0,0
"M_357",1,1,26905832,NA,NA, 70.25,0,1,0,0,0,0,0,0,0,0,0,1,0,0
"M_358",1,1,26905847,NA,NA, 70.27,1,1,0,1,0,0,0,0,0,1,0,0,0,0
"M_359",1,1,27219412,NA,NA, 70.28,3,0,1,0,0,0,1,1,0,0,0,0,0,0
"M_360",1,1,27219690,NA,NA, 70.48,1,0,0,1,0,0,0,0,0,0,0,0,0,0
"M_361",1,1,27247142,NA,NA, 70.48,3,1,1,0,0,0,1,1,0,0,1,0,0,0
"M_362",1,1,27249219,NA,NA, 70.49,0,1,0,0,0,0,0,0,0,1,0,0,0,0
"M_363",1,1,27115237,NA,NA, 70.49,1,2,0,0,0,1,0,0,0,0,0,1,1,0
"M_364",1,1,27115246,NA,NA, 70.70,3,0,1,0,0,0,1,1,0,0,0,0,0,0
"M_365",1,1,27121534,NA,NA, 70.70,1,0,0,1,0,0,0,0,0,0,0,0,0,0
"M_366",1,1,27121543,NA,NA, 71.20,1,1,0,0,0,1,0,0,0,0,0,0,1,0
"M_367",1,1,27393283,NA,NA, 71.20,2,0,1,0,0,0,1,0,0,0,0,0,0,0
"M_368",1,1,27432024,NA,NA, 71.32,1,0,0,0,1,0,0,0,0,0,0,0,0,0
"M_369",1,1,27090345,NA,NA, 71.45,0,1,0,0,0,0,0,0,0,0,0,1,0,0
"M_370",1,1,27115211,NA,NA, 71.45,0,3,0,0,0,0,0,0,1,0,1,0,0,1
"M_372",1,1,27457887,NA,NA, 71.51,4,1,0,1,1,1,0,1,0,0,1,0,0,0
"M_374",1,1,27264708,NA,NA, 71.98,0,2,0,0,0,0,0,0,1,0,0,0,0,1
"M_375",1,1,27267500,NA,NA, 71.98,0,1,0,0,0,0,0,0,0,0,0,1,0,0
"M_376",1,1,27229635,NA,NA, 71.98,1,0,0,0,1,0,0,0,0,0,0,0,0,0
"M_377",1,1,27246573,NA,NA, 71.98,0,1,0,0,0,0,0,0,0,1,0,0,0,0
"M_378",1,1,27305546,NA,NA, 72.44,0,1,0,0,0,0,0,0,0,1,0,0,0,0
"M_379",1,1,27305561,NA,NA, 72.44,2,1,0,1,0,0,0,1,0,1,0,0,0,0
"M_380",1,1,27267533,NA,NA, 72.45,1,2,0,0,0,0,0,1,0,1,0,1,0,0
"M_381",1,1,27269649,NA,NA, 73.40,1,0,0,0,0,0,0,1,0,0,0,0,0,0
"M_382",1,1,24791976,NA,NA, 73.42,3,0,0,1,0,1,0,1,0,0,0,0,0,0
"M_384",1,1,27306158,NA,NA, 73.49,2,1,0,1,0,0,0,1,0,1,0,0,0,0
"M_385",1,1,27361715,NA,NA, 73.50,2,0,1,0,0,0,1,0,0,0,0,0,0,0
"M_386",1,1,27931677,NA,NA, 74.17,3,0,0,1,0,1,0,1,0,0,0,0,0,0
"M_388",1,1,27436997,NA,NA, 74.36,3,1,0,1,0,1,0,1,0,1,0,0,0,0
"M_389",1,1,27437033,NA,NA, 74.36,0,1,0,0,0,0,0,0,0,0,1,0,0,0
"M_390",1,1,27437069,NA,NA, 74.36,3,0,1,0,1,0,1,0,0,0,0,0,0,0
"M_391",1,1,27543698,NA,NA, 74.52,0,1,0,0,0,0,0,0,0,0,0,1,0,0
"M_392",1,1,27570697,NA,NA, 74.87,2,0,1,0,0,0,1,0,0,0,0,0,0,0
"M_393",1,1,27441767,NA,NA, 75.00,0,2,0,0,0,0,0,0,0,0,1,1,0,0
"M_395",1,1,27570721,NA,NA, 75.06,1,0,0,0,1,0,0,0,0,0,0,0,0,0
"M_396",1,1,27587811,NA,NA, 75.43,0,2,0,0,0,0,0,0,1,0,0,0,0,1
"M_397",1,1,27665995,NA,NA, 75.66,2,0,1,0,0,0,1,0,0,0,0,0,0,0
"M_398",1,1,27721466,NA,NA, 75.77,0,3,0,0,0,0,0,0,1,0,1,0,0,1
"M_399",1,1,27770097,NA,NA, 75.85,2,0,1,0,0,0,1,0,0,0,0,0,0,0
"M_400",1,1,27787979,NA,NA, 75.86,1,0,0,0,1,0,0,0,0,0,0,0,0,0
"M_401",1,1,28004602,NA,NA, 75.88,0,1,0,0,0,0,0,0,0,0,1,0,0,0
"M_405",1,1,28220285,NA,NA, 76.80,1,0,0,0,1,0,0,0,0,0,0,0,0,0
"M_406",1,1,27856949,NA,NA, 76.81,3,0,0,1,1,1,0,0,0,0,0,0,0,0
"M_407",1,1,27903502,NA,NA, 76.83,0,1,0,0,0,0,0,0,0,0,0,0,1,0
"M_408",1,1,27797334,NA,NA, 76.83,2,3,0,0,1,0,0,1,1,1,0,0,0,1
"M_409",1,1,27802680,NA,NA, 76.83,2,4,1,0,0,0,1,0,1,0,1,1,0,1
"M_410",1,1,27770062,NA,NA, 76.83,2,3,1,0,0,0,1,0,1,0,1,0,0,1
"M_411",1,1,27770082,NA,NA, 76.83,2,0,0,1,0,1,0,0,0,0,0,0,0,0
"M_413",1,1,27823228,NA,NA, 77.11,1,1,0,0,0,0,0,1,0,1,0,0,0,0
"M_414",1,1,27931715,NA,NA, 77.35,3,3,1,0,1,0,1,0,0,1,0,1,1,0
"M_415",1,1,27962126,NA,NA, 77.71,0,3,0,0,0,0,0,0,1,0,1,0,0,1
"M_416",1,1,27913846,NA,NA, 77.71,0,2,0,0,0,0,0,0,1,0,0,0,0,1
"M_417",1,1,27917999,NA,NA, 77.75,0,1,0,0,0,0,0,0,0,0,0,1,0,0
"M_418",1,1,27918862,NA,NA, 77.79,0,1,0,0,0,0,0,0,0,0,1,0,0,0
"M_419",1,1,28111048,NA,NA, 77.83,3,2,0,1,0,1,0,1,0,1,0,1,0,0
"M_420",1,1,28119923,NA,NA, 77.83,0,1,0,0,0,0,0,0,0,1,0,0,0,0
"M_421",1,1,28061836,NA,NA, 77.83,1,0,0,0,0,0,0,1,0,0,0,0,0,0
"M_422",1,1,28075927,NA,NA, 77.84,2,0,1,0,0,0,1,0,0,0,0,0,0,0
"M_423",1,1,27980621,NA,NA, 78.10,0,4,0,0,0,0,0,0,1,0,1,0,1,1
"M_424",1,1,27980649,NA,NA, 78.10,2,0,1,0,0,0,1,0,0,0,0,0,0,0
"M_425",1,1,28084931,NA,NA, 78.10,2,0,0,1,0,1,0,0,0,0,0,0,0,0
"M_426",1,1,28111033,NA,NA, 78.40,1,0,0,0,1,0,0,0,0,0,0,0,0,0
"M_427",1,1,28221546,NA,NA, 78.71,0,1,0,0,0,0,0,0,0,0,0,1,0,0
"M_428",1,1,28240990,NA,NA, 78.76,1,1,0,0,1,0,0,0,0,0,0,0,1,0
"M_429",1,1,28501219,NA,NA, 79.17,0,1,0,0,0,0,0,0,0,1,0,0,0,0
"M_430",1,1,28505040,NA,NA, 79.24,1,0,0,0,0,0,0,1,0,0,0,0,0,0
"M_431",1,1,28453612,NA,NA, 79.24,4,0,1,1,0,0,1,1,0,0,0,0,0,0
"M_432",1,1,28492984,NA,NA, 79.24,1,0,0,0,0,1,0,0,0,0,0,0,0,0
"M_433",1,1,28430818,NA,NA, 79.25,3,0,1,1,0,0,1,0,0,0,0,0,0,0
"M_435",1,1,28322169,NA,NA, 79.36,1,3,0,0,1,0,0,0,1,0,0,1,0,1
"M_436",1,1,28329445,NA,NA, 79.37,0,1,0,0,0,0,0,0,0,0,0,1,0,0
"M_438",1,1,28419614,NA,NA, 80.05,1,3,0,0,0,1,0,0,0,0,1,1,1,0
"M_439",1,1,28420176,NA,NA, 80.05,2,2,0,0,1,0,0,1,1,0,0,0,0,1
"M_440",1,1,28412598,NA,NA, 80.06,2,0,0,0,0,1,0,1,0,0,0,0,0,0
"M_441",1,1,28412640,NA,NA, 80.73,0,1,0,0,0,0,0,0,0,0,0,0,1,0
"M_442",1,1,28518522,NA,NA, 80.73,0,1,0,0,0,0,0,0,0,1,0,0,0,0
"M_443",1,1,28521671,NA,NA, 80.73,1,2,0,0,0,0,0,1,0,0,0,1,1,0
"M_444",1,1,28412665,NA,NA, 80.73,1,5,0,0,0,1,0,0,1,1,1,1,0,1
"M_445",1,1,28412683,NA,NA, 80.99,1,0,0,0,0,1,0,0,0,0,0,0,0,0
"M_446",1,1,28522073,NA,NA, 81.41,1,2,0,0,0,0,0,1,0,0,0,1,1,0
"M_447",1,1,28522112,NA,NA, 81.44,1,1,0,0,1,0,0,0,0,0,1,0,0,0
"M_448",1,1,28566110,NA,NA, 81.46,0,1,0,0,0,0,0,0,0,1,0,0,0,0
"M_449",1,1,28584484,NA,NA, 81.97,0,1,0,0,0,0,0,0,0,0,1,0,0,0
"M_450",1,1,28584518,NA,NA, 82.02,4,1,1,1,0,1,1,0,0,0,0,0,1,0
"M_451",1,1,28564267,NA,NA, 82.16,1,1,0,0,1,0,0,0,0,0,0,0,1,0
"M_452",1,1,28564303,NA,NA, 82.52,4,2,1,1,0,1,1,0,1,0,0,0,0,1
"M_453",1,1,28614642,NA,NA, 82.55,0,1,0,0,0,0,0,0,0,0,0,0,1,0
"M_454",1,1,28626629,NA,NA, 83.34,1,0,0,0,0,1,0,0,0,0,0,0,0,0
"M_455",1,1,29052634,NA,NA, 83.34,2,3,0,0,0,1,0,1,0,1,0,1,1,0
"M_457",1,1,28844601,NA,NA, 83.82,0,2,0,0,0,0,0,0,0,0,1,1,0,0
"M_458",1,1,28857881,NA,NA, 84.05,0,1,0,0,0,0,0,0,0,0,0,0,1,0
"M_460",1,1,29207994,NA,NA, 84.25,0,1,0,0,0,0,0,0,0,0,0,0,1,0
"M_461",1,1,28643675,NA,NA, 84.25,2,1,0,0,0,1,0,1,0,1,0,0,0,0
"M_462",1,1,28679796,NA,NA, 84.30,0,1,0,0,0,0,0,0,0,0,0,1,0,0
"M_463",1,1,30264507,NA,NA, 85.32,0,2,0,0,0,0,0,0,1,1,0,0,0,0
"M_464",1,1,30264522,NA,NA, 85.42,0,1,0,0,0,0,0,0,0,1,0,0,0,0
"M_465",1,1,30271224,NA,NA, 86.14,0,1,0,0,0,0,0,0,1,0,0,0,0,0
"M_466",1,1,28766022,NA,NA, 86.19,1,1,0,0,1,0,0,0,0,0,0,1,0,0
"M_467",1,1,28803836,NA,NA, 86.61,0,1,0,0,0,0,0,0,0,1,0,0,0,0
"M_468",1,1,28896142,NA,NA, 86.85,1,0,0,0,0,1,0,0,0,0,0,0,0,0
"M_469",1,1,28906427,NA,NA, 86.85,1,0,0,0,0,0,0,1,0,0,0,0,0,0
"M_470",1,1,28953458,NA,NA, 86.85,0,1,0,0,0,0,0,0,0,0,0,1,0,0
"M_471",1,1,28953482,NA,NA, 86.85,1,3,0,0,0,1,0,0,0,0,1,1,1,0
"M_472",1,1,29021035,NA,NA, 86.86,0,1,0,0,0,0,0,0,0,1,0,0,0,0
"M_473",1,1,29052627,NA,NA, 87.16,1,0,0,0,0,1,0,0,0,0,0,0,0,0
"M_474",1,1,28693066,NA,NA, 87.16,3,1,1,1,0,0,1,0,0,0,0,1,0,0
"M_477",1,1,28942799,NA,NA, 87.63,4,2,1,1,0,0,1,1,0,1,1,0,0,0
"M_478",1,1,28952969,NA,NA, 88.03,2,4,0,0,1,1,0,0,1,0,0,1,1,1
"M_479",1,1,29009054,NA,NA, 88.28,1,0,0,0,1,0,0,0,0,0,0,0,0,0
"M_480",1,1,29021017,NA,NA, 89.08,1,3,0,0,1,0,0,0,0,1,1,1,0,0
"M_481",1,1,29159530,NA,NA, 89.23,1,0,0,0,0,1,0,0,0,0,0,0,0,0
"M_482",1,1,29190121,NA,NA, 89.43,0,1,0,0,0,0,0,0,0,0,1,0,0,0
"M_483",1,1,28813302,NA,NA, 89.43,4,0,1,1,0,1,1,0,0,0,0,0,0,0
"M_484",1,1,28816716,NA,NA, 89.51,0,1,0,0,0,0,0,0,0,0,0,0,1,0
"M_485",1,1,29063317,NA,NA, 90.00,1,0,0,0,0,1,0,0,0,0,0,0,0,0
"M_486",1,1,29077845,NA,NA, 92.83,1,0,0,0,0,0,0,1,0,0,0,0,0,0
"M_487",1,1,29275280,NA,NA, 94.99,0,2,0,0,0,0,0,0,1,0,1,0,0,0
"M_488",1,1,29352393,NA,NA, 95.40,2,1,0,0,1,1,0,0,1,0,0,0,0,0
"M_489",1,1,29209192,NA,NA, 95.40,0,3,0,0,0,0,0,0,0,1,1,0,1,0
"M_490",1,1,29209197,NA,NA, 95.40,0,1,0,0,0,0,0,0,0,0,0,1,0,0
"M_491",1,1,29399013,NA,NA, 95.94,0,2,0,0,0,0,0,0,0,0,0,0,1,1
"M_492",1,1,29415538,NA,NA, 95.94,0,1,0,0,0,0,0,0,1,0,0,0,0,0
"M_493",1,1,29437774,NA,NA, 96.21,1,2,0,0,0,1,0,0,1,0,0,0,1,0
"M_494",1,1,29235914,NA,NA, 96.64,1,1,0,0,1,0,0,0,1,0,0,0,0,0
"M_495",1,1,29260286,NA,NA, 96.91,2,1,0,0,1,1,0,0,1,0,0,0,0,0
"M_496",1,1,29437795,NA,NA, 96.91,1,0,0,0,0,1,0,0,0,0,0,0,0,0
"M_497",1,1,29448062,NA,NA, 96.93,0,1,0,0,0,0,0,0,0,0,1,0,0,0
"M_498",1,1,29269545,NA,NA, 97.59,1,0,0,0,1,0,0,0,0,0,0,0,0,0
"M_499",1,1,29269720,NA,NA, 97.65,0,1,0,0,0,0,0,0,0,0,0,0,1,0
"M_500",1,1,29487533,NA,NA, 97.65,1,0,0,0,0,1,0,0,0,0,0,0,0,0
"M_501",1,1,29507105,NA,NA, 97.87,0,2,0,0,0,0,0,0,1,0,0,0,0,1
"M_502",1,1,29591751,NA,NA, 98.00,1,0,0,0,0,0,1,0,0,0,0,0,0,0
"M_503",1,1,29626213,NA,NA, 98.00,1,4,0,0,0,1,0,0,1,0,1,1,0,1
"M_505",1,1,29815696,NA,NA, 98.02,0,2,0,0,0,0,0,0,0,1,0,1,0,0
"M_506",1,1,29871593,NA,NA, 98.39,0,1,0,0,0,0,0,0,0,0,0,1,0,0
"M_507",1,1,29698180,NA,NA, 98.51,2,0,0,0,0,0,1,1,0,0,0,0,0,0
"M_508",1,1,29711225,NA,NA, 99.48,2,0,1,1,0,0,0,0,0,0,0,0,0,0
"M_509",1,1,30159482,NA,NA, 99.48,1,0,0,0,0,1,0,0,0,0,0,0,0,0
"M_511",1,1,29790477,NA,NA, 99.69,1,0,0,0,1,0,0,0,0,0,0,0,0,0
"M_512",1,1,29815669,NA,NA, 99.74,0,2,0,0,0,0,0,0,0,1,0,1,0,0
"M_513",1,1,29969629,NA,NA, 99.85,1,0,0,0,0,1,0,0,0,0,0,0,0,0
"M_514",1,1,30024213,NA,NA, 99.97,0,1,0,0,0,0,0,0,0,0,0,0,1,0
"M_515",1,1,30380710,NA,NA,100.12,1,0,0,0,0,0,1,0,0,0,0,0,0,0
"M_517",1,1,30261419,NA,NA,100.17,4,0,1,1,0,1,1,0,0,0,0,0,0,0
"M_518",1,1,30264498,NA,NA,100.17,0,1,0,0,0,0,0,0,0,0,0,1,0,0
"M_520",1,1,29890249,NA,NA,100.18,1,2,0,0,0,0,0,1,0,0,1,0,0,1
"M_521",1,1,29907281,NA,NA,100.18,1,1,0,0,0,0,0,1,0,0,1,0,0,0
"M_522",1,1,29935642,NA,NA,100.69,0,1,0,0,0,0,0,0,0,0,0,1,0,0
"M_523",1,1,30047480,NA,NA,100.70,1,1,0,0,0,0,1,0,0,0,0,1,0,0
"M_524",1,1,30051152,NA,NA,100.70,1,0,0,0,0,0,1,0,0,0,0,0,0,0
"M_527",1,1,29890266,NA,NA,100.70,2,1,0,0,1,0,0,1,0,0,1,0,0,0
"M_528",1,1,29891015,NA,NA,100.73,1,0,0,0,0,1,0,0,0,0,0,0,0,0
"M_529",1,1,30068525,NA,NA,101.31,2,1,0,0,1,0,1,0,0,0,0,0,1,0
"M_530",1,1,30086796,NA,NA,102.10,3,1,1,1,0,1,0,0,0,0,1,0,0,0
"M_531",1,1,31761345,NA,NA,103.38,1,2,0,0,0,0,0,1,1,1,0,0,0,0
"M_532",1,1,31792815,NA,NA,103.46,2,0,0,0,0,1,1,0,0,0,0,0,0,0
"M_533",1,1,30146782,NA,NA,103.94,2,2,0,0,0,1,1,0,0,0,0,0,1,1
"M_534",1,1,30158750,NA,NA,104.28,2,1,1,1,0,0,0,0,0,0,0,1,0,0
"M_535",1,1,30408925,NA,NA,105.00,4,1,1,1,1,0,1,0,0,0,0,0,1,0
"M_536",1,1,30450862,NA,NA,105.10,0,1,0,0,0,0,0,0,0,0,0,1,0,0
"M_537",1,1,30450876,NA,NA,105.59,0,1,0,0,0,0,0,0,0,0,0,1,0,0
"M_538",1,1,30647340,NA,NA,106.08,0,1,0,0,0,0,0,0,0,0,0,1,0,0
"M_539",1,1,30765245,NA,NA,106.43,1,0,0,0,1,0,0,0,0,0,0,0,0,0
"M_540",1,1,32392156,NA,NA,106.43,2,2,0,0,0,1,1,0,1,1,0,0,0,0
"M_541",1,1,32395478,NA,NA,107.42,2,2,0,0,0,1,1,0,1,1,0,0,0,0
"M_542",1,1,30839803,NA,NA,107.43,1,3,0,0,0,1,0,0,1,1,0,0,1,0
"M_543",1,1,30845841,NA,NA,107.43,0,1,0,0,0,0,0,0,0,0,0,0,1,0
"M_544",1,1,30789785,NA,NA,107.70,3,0,0,0,1,0,1,1,0,0,0,0,0,0
"M_545",1,1,30800974,NA,NA,107.70,1,0,0,0,0,1,0,0,0,0,0,0,0,0
"M_546",1,1,30950755,NA,NA,108.34,0,1,0,0,0,0,0,0,0,0,0,0,1,0
"M_547",1,1,31138935,NA,NA,108.83,2,4,0,0,1,1,0,0,1,1,1,0,0,1
"M_548",1,1,31138969,NA,NA,108.86,1,0,0,0,1,0,0,0,0,0,0,0,0,0
"M_549",1,1,31159866,NA,NA,109.19,2,0,0,0,1,1,0,0,0,0,0,0,0,0
"M_550",1,1,31217822,NA,NA,109.79,3,3,0,0,1,1,0,1,1,1,1,0,0,0
"M_551",1,1,31501671,NA,NA,109.79,3,2,0,0,1,0,1,1,1,1,0,0,0,0
"M_552",1,1,31501690,NA,NA,110.01,1,0,0,0,0,1,0,0,0,0,0,0,0,0
"M_553",1,1,30852431,NA,NA,110.32,2,3,0,0,0,0,1,1,1,1,0,0,0,1
"M_554",1,1,30944583,NA,NA,110.96,1,0,0,0,0,1,0,0,0,0,0,0,0,0
"M_555",1,1,31742655,NA,NA,110.97,0,1,0,0,0,0,0,0,0,0,0,0,1,0
"M_557",1,1,32455411,NA,NA,110.97,0,2,0,0,0,0,0,0,1,1,0,0,0,0
"M_560",1,1,31797482,NA,NA,111.30,2,0,0,0,0,1,1,0,0,0,0,0,0,0
"M_561",1,1,31807033,NA,NA,111.34,0,1,0,0,0,0,0,0,0,0,0,1,0,0
"M_562",1,1,31887092,NA,NA,111.34,0,3,0,0,0,0,0,0,1,1,1,0,0,0
"M_563",1,1,31472393,NA,NA,111.35,1,0,0,0,0,1,0,0,0,0,0,0,0,0
"M_564",1,1,31474989,NA,NA,111.35,0,1,0,0,0,0,0,0,0,0,1,0,0,0
"M_565",1,1,31608819,NA,NA,111.55,1,0,0,0,1,0,0,0,0,0,0,0,0,0
"M_566",1,1,31624583,NA,NA,111.55,0,1,0,0,0,0,0,0,0,0,0,1,0,0
"M_569",1,1,31917365,NA,NA,111.56,4,1,0,0,1,1,1,1,0,0,0,0,1,0
"M_570",1,1,31981041,NA,NA,112.12,1,0,0,0,1,0,0,0,0,0,0,0,0,0
"M_571",1,1,31339989,NA,NA,112.14,1,2,0,0,0,1,0,0,0,0,0,0,1,1
"M_572",1,1,31345548,NA,NA,112.14,0,2,0,0,0,0,0,0,1,1,0,0,0,0
"M_573",1,1,31502106,NA,NA,112.14,3,2,0,0,1,0,1,1,1,1,0,0,0,0
"M_574",1,1,31504262,NA,NA,112.40,3,2,1,1,0,1,0,0,0,0,0,1,1,0
"M_575",1,1,31217834,NA,NA,112.40,2,0,0,0,1,1,0,0,0,0,0,0,0,0
"M_576",1,1,31238902,NA,NA,112.41,0,3,0,0,0,0,0,0,1,1,0,0,0,1
"M_577",1,1,32262609,NA,NA,112.68,0,2,0,0,0,0,0,0,0,0,1,0,1,0
"M_578",1,1,32262682,NA,NA,112.69,2,1,1,1,0,0,0,0,0,0,0,1,0,0
"M_579",1,1,31252841,NA,NA,113.17,1,2,0,0,0,0,0,1,1,1,0,0,0,0
"M_580",1,1,31268954,NA,NA,113.21,1,0,0,0,0,1,0,0,0,0,0,0,0,0
"M_581",1,1,31293148,NA,NA,113.26,0,1,0,0,0,0,0,0,0,0,1,0,0,0
"M_582",1,1,31385838,NA,NA,113.31,0,3,0,0,0,0,0,0,1,1,1,0,0,0
"M_583",1,1,31387750,NA,NA,113.54,2,3,0,0,1,0,0,1,1,1,0,0,0,1
"M_584",1,1,31397819,NA,NA,114.58,1,0,0,0,1,0,0,0,0,0,0,0,0,0
"M_585",1,1,31438588,NA,NA,114.58,0,1,0,0,0,0,0,0,0,0,0,1,0,0
"M_586",1,1,31792859,NA,NA,114.61,2,0,0,0,0,1,1,0,0,0,0,0,0,0
"M_587",1,1,31793242,NA,NA,114.79,1,1,0,0,1,0,0,0,0,0,0,1,0,0
"M_588",1,1,32063726,NA,NA,114.79,1,1,0,0,1,0,0,0,0,0,0,0,0,1
"M_589",1,1,32065387,NA,NA,114.99,0,1,0,0,0,0,0,0,0,0,0,0,1,0
"M_590",1,1,32286742,NA,NA,115.00,2,1,1,1,0,0,0,0,0,0,0,1,0,0
"M_591",1,1,32297537,NA,NA,115.00,1,0,0,0,1,0,0,0,0,0,0,0,0,0
"M_592",1,1,31890241,NA,NA,115.00,2,3,0,0,0,1,1,0,1,1,0,0,1,0
"M_593",1,1,31911001,NA,NA,115.14,1,2,0,0,1,0,0,0,1,1,0,0,0,0
"M_594",1,1,32003348,NA,NA,115.16,2,1,1,1,0,0,0,0,0,0,0,1,0,0
"M_595",1,1,32003363,NA,NA,115.16,3,1,1,1,0,0,0,1,0,0,0,1,0,0
"M_596",1,1,31887094,NA,NA,115.30,2,3,1,1,0,0,0,0,0,0,0,1,1,1
"M_597",1,1,31887937,NA,NA,115.30,3,3,0,0,0,1,1,1,0,0,1,1,0,1
"M_598",1,1,31475000,NA,NA,115.82,2,1,1,1,0,0,0,0,0,0,0,0,1,0
"M_599",1,1,31475344,NA,NA,115.87,2,0,0,0,1,0,1,0,0,0,0,0,0,0
"M_600",1,1,31475377,NA,NA,116.39,0,3,0,0,0,0,0,0,1,1,0,0,0,1
"M_601",2,2,  319938,NA,NA,  0.00,1,1,1,0,0,0,0,0,1,0,0,0,0,0
"M_602",2,2,  458023,NA,NA,  0.28,3,3,0,1,1,1,0,0,0,1,1,1,0,0
"M_603",2,2,  458743,NA,NA,  0.41,2,1,0,1,1,0,0,0,0,1,0,0,0,0
"M_604",2,2,  459151,NA,NA,  0.42,1,2,0,0,0,0,1,0,0,0,1,0,1,0
"M_605",2,2,  298573,NA,NA,  0.42,1,1,0,0,0,0,0,1,0,0,1,0,0,0
"M_606",2,2,  303265,NA,NA,  0.68,2,1,1,0,0,1,0,0,0,0,0,1,0,0
"M_607",2,2,  310673,NA,NA,  0.68,0,1,0,0,0,0,0,0,0,1,0,0,0,0
"M_608",2,2,  310679,NA,NA,  0.68,1,1,0,0,0,1,0,0,0,0,0,1,0,0
"M_609",2,2,  312051,NA,NA,  0.68,1,2,0,0,0,0,0,1,0,1,0,0,0,1
"M_610",2,2,  312107,NA,NA,  0.87,1,0,1,0,0,0,0,0,0,0,0,0,0,0
"M_611",2,2,  316124,NA,NA,  0.87,0,1,0,0,0,0,0,0,0,0,0,1,0,0
"M_612",2,2,  319914,NA,NA,  0.87,1,2,1,0,0,0,0,0,1,0,0,1,0,0
"M_613",2,2,  761839,NA,NA,  1.31,1,0,0,0,0,1,0,0,0,0,0,0,0,0
"M_614",2,2,  765719,NA,NA,  1.31,2,1,1,1,0,0,0,0,0,0,0,0,0,1
"M_615",2,2,  765737,NA,NA,  1.31,0,1,0,0,0,0,0,0,1,0,0,0,0,0
"M_617",2,2,   53359,NA,NA,  1.32,1,0,0,0,0,0,0,1,0,0,0,0,0,0
"M_619",2,2,   91455,NA,NA,  1.56,1,2,0,0,0,0,0,1,0,0,1,0,1,0
"M_620",2,2,  151710,NA,NA,  1.62,0,1,0,0,0,0,0,0,0,0,0,1,0,0
"M_621",2,2,  535121,NA,NA,  2.16,1,0,0,0,0,1,0,0,0,0,0,0,0,0
"M_622",2,2,  548061,NA,NA,  2.46,0,1,0,0,0,0,0,0,0,0,1,0,0,0
"M_623",2,2,  548068,NA,NA,  2.52,0,1,0,0,0,0,0,0,0,1,0,0,0,0
"M_624",2,2,  548088,NA,NA,  3.04,0,1,0,0,0,0,0,0,0,0,1,0,0,0
"M_625",2,2,  560363,NA,NA,  3.39,1,0,0,0,0,1,0,0,0,0,0,0,0,0
"M_626",2,2,  560365,NA,NA,  3.42,4,1,0,1,1,0,1,1,0,1,0,0,0,0
"M_627",2,2,  560390,NA,NA,  3.92,0,1,0,0,0,0,0,0,0,1,0,0,0,0
"M_628",2,2,  560403,NA,NA,  3.93,0,1,0,0,0,0,0,0,0,0,0,0,0,1
"M_629",2,2,  560789,NA,NA,  3.94,0,2,0,0,0,0,0,0,0,0,1,0,1,0
"M_630",2,2,  979965,NA,NA,  3.94,0,2,0,0,0,0,0,0,0,1,0,0,1,0
"M_631",2,2, 1007153,NA,NA,  4.17,1,0,0,0,0,0,0,1,0,0,0,0,0,0
"M_632",2,2, 1063019,NA,NA,  4.51,0,1,0,0,0,0,0,0,1,0,0,0,0,0
"M_633",2,2, 1064281,NA,NA,  4.53,0,1,0,0,0,0,0,0,0,0,0,0,0,1
"M_634",2,2,  588243,NA,NA,  5.28,0,1,0,0,0,0,0,0,1,0,0,0,0,0
"M_635",2,2,  588244,NA,NA,  5.31,0,1,0,0,0,0,0,0,0,0,0,0,1,0
"M_636",2,2,  639996,NA,NA,  5.31,0,1,0,0,0,0,0,0,0,0,0,0,0,1
"M_637",2,2,  684059,NA,NA,  7.27,0,1,0,0,0,0,0,0,0,0,0,0,0,1
"M_638",2,2, 1161983,NA,NA,  7.28,1,2,0,0,0,0,0,1,0,0,1,0,0,1
"M_639",2,2, 1168392,NA,NA,  7.40,0,1,0,0,0,0,0,0,0,0,0,1,0,0
"M_640",2,2, 1168393,NA,NA,  7.42,0,1,0,0,0,0,0,0,0,0,1,0,0,0
"M_641",2,2, 1168405,NA,NA,  7.96,1,2,1,0,0,0,0,0,0,1,0,1,0,0
"M_642",2,2, 1064287,NA,NA,  7.96,2,1,1,0,1,0,0,0,0,1,0,0,0,0
"M_643",2,2, 1064289,NA,NA,  7.96,1,2,0,0,0,0,0,1,1,0,1,0,0,0
"M_644",2,2, 1064709,NA,NA,  7.96,0,1,0,0,0,0,0,0,0,1,0,0,0,0
"M_645",2,2, 1161958,NA,NA,  8.18,1,0,0,0,1,0,0,0,0,0,0,0,0,0
"M_646",2,2,  710082,NA,NA,  8.71,1,0,1,0,0,0,0,0,0,0,0,0,0,0
"M_647",2,2,  719379,NA,NA,  8.88,1,3,0,1,0,0,0,0,0,1,1,0,0,1
"M_648",2,2,  740571,NA,NA,  9.23,1,0,0,0,0,0,0,1,0,0,0,0,0,0
"M_649",2,2,  761836,NA,NA,  9.23,2,2,0,0,0,1,0,1,1,0,0,1,0,0
"M_650",2,2, 1195478,NA,NA,  9.23,1,0,0,1,0,0,0,0,0,0,0,0,0,0
"M_651",2,2, 1195493,NA,NA,  9.42,1,2,1,0,0,0,0,0,0,1,0,1,0,0
"M_653",2,2, 1210031,NA,NA,  9.47,0,1,0,0,0,0,0,0,1,0,0,0,0,0
"M_654",2,2, 1169539,NA,NA,  9.52,0,1,0,0,0,0,0,0,0,0,0,1,0,0
"M_655",2,2, 1173907,NA,NA,  9.55,1,1,0,0,0,0,0,1,0,1,0,0,0,0
"M_656",2,2, 1173929,NA,NA,  9.55,1,0,0,0,0,1,0,0,0,0,0,0,0,0
"M_657",2,2, 1195451,NA,NA,  9.55,0,1,0,0,0,0,0,0,0,0,0,0,0,1
"M_658",2,2,  861108,NA,NA,  9.57,0,1,0,0,0,0,0,0,0,0,1,0,0,0
"M_660",2,2,  885580,NA,NA,  9.82,1,0,0,0,0,1,0,0,0,0,0,0,0,0
"M_661",2,2,  885595,NA,NA,  9.83,0,1,0,0,0,0,0,0,1,0,0,0,0,0
"M_662",2,2,  560801,NA,NA,  9.83,1,0,0,1,0,0,0,0,0,0,0,0,0,0
"M_663",2,2,  560828,NA,NA,  9.88,2,2,0,0,1,0,1,0,0,0,1,0,1,0
"M_665",2,2,  568256,NA,NA, 10.23,2,0,1,0,0,1,0,0,0,0,0,0,0,0
"M_666",2,2, 1214541,NA,NA, 10.23,4,1,0,1,1,0,1,1,0,0,0,0,1,0
"M_667",2,2, 1260525,NA,NA, 10.23,1,1,0,0,0,1,0,0,0,0,1,0,0,0
"M_668",2,2, 1283997,NA,NA, 10.23,0,1,0,0,0,0,0,0,0,0,0,1,0,0
"M_669",2,2,  916280,NA,NA, 10.31,0,1,0,0,0,0,0,0,1,0,0,0,0,0
"M_670",2,2,  916285,NA,NA, 10.69,0,1,0,0,0,0,0,0,1,0,0,0,0,0
"M_671",2,2,  922835,NA,NA, 10.98,1,0,0,0,0,1,0,0,0,0,0,0,0,0
"M_672",2,2,  935755,NA,NA, 10.98,1,0,0,0,0,0,0,1,0,0,0,0,0,0
"M_673",2,2,  170219,NA,NA, 10.98,1,0,1,0,0,0,0,0,0,0,0,0,0,0
"M_675",2,2,  188670,NA,NA, 11.36,0,1,0,0,0,0,0,0,0,0,0,0,1,0
"M_678",2,2,   19730,NA,NA, 11.52,1,0,0,0,0,0,0,1,0,0,0,0,0,0
"M_681",2,2, 1517103,NA,NA, 11.80,1,1,0,0,0,1,0,0,1,0,0,0,0,0
"M_682",2,2, 1517110,NA,NA, 11.82,1,0,1,0,0,0,0,0,0,0,0,0,0,0
"M_684",2,2, 1517140,NA,NA, 12.08,1,0,1,0,0,0,0,0,0,0,0,0,0,0
"M_685",2,2, 1522402,NA,NA, 12.14,0,1,0,0,0,0,0,0,0,0,0,0,0,1
"M_686",2,2, 1329642,NA,NA, 12.18,0,1,0,0,0,0,0,0,0,0,0,1,0,0
"M_688",2,2, 1364912,NA,NA, 12.37,1,0,1,0,0,0,0,0,0,0,0,0,0,0
"M_689",2,2, 1364915,NA,NA, 13.27,1,0,1,0,0,0,0,0,0,0,0,0,0,0
"M_690",2,2,  568262,NA,NA, 13.27,2,0,1,0,0,1,0,0,0,0,0,0,0,0
"M_692",2,2,  587492,NA,NA, 13.43,3,0,1,1,0,1,0,0,0,0,0,0,0,0
"M_693",2,2,  587510,NA,NA, 13.73,1,0,0,0,0,1,0,0,0,0,0,0,0,0
"M_694",2,2, 1789192,NA,NA, 13.88,1,4,0,0,0,0,0,1,1,1,1,0,0,1
"M_695",2,2, 1794266,NA,NA, 14.01,0,1,0,0,0,0,0,0,0,0,0,0,1,0
"M_696",2,2, 1797250,NA,NA, 14.03,2,4,0,0,0,1,0,1,1,1,0,1,0,1
"M_697",2,2, 1797253,NA,NA, 14.33,0,1,0,0,0,0,0,0,0,0,0,0,0,1
"M_698",2,2, 1725735,NA,NA, 14.33,0,1,0,0,0,0,0,0,0,0,0,1,0,0
"M_699",2,2, 1765890,NA,NA, 14.33,1,0,1,0,0,0,0,0,0,0,0,0,0,0
"M_700",2,2, 1789171,NA,NA, 14.34,1,0,0,0,0,0,1,0,0,0,0,0,0,0
"M_701",2,2, 1789186,NA,NA, 14.92,1,0,0,0,0,1,0,0,0,0,0,0,0,0
"M_702",2,2, 1522419,NA,NA, 14.94,0,1,0,0,0,0,0,0,0,0,0,0,0,1
"M_705",2,2, 1524179,NA,NA, 14.96,2,0,0,1,1,0,0,0,0,0,0,0,0,0
"M_706",2,2, 1797262,NA,NA, 14.97,1,0,0,1,0,0,0,0,0,0,0,0,0,0
"M_707",2,2, 1803099,NA,NA, 15.62,0,1,0,0,0,0,0,0,0,0,0,0,0,1
"M_709",2,2, 1890541,NA,NA, 16.03,1,0,0,0,0,1,0,0,0,0,0,0,0,0
"M_710",2,2, 1916280,NA,NA, 16.04,1,0,0,1,0,0,0,0,0,0,0,0,0,0
"M_711",2,2, 1916287,NA,NA, 16.06,1,1,1,0,0,0,0,0,0,0,0,0,1,0
"M_712",2,2, 1993292,NA,NA, 16.07,1,0,0,0,0,0,1,0,0,0,0,0,0,0
"M_715",2,2, 2070735,NA,NA, 16.40,2,0,0,1,0,0,1,0,0,0,0,0,0,0
"M_716",2,2, 2070736,NA,NA, 16.66,0,2,0,0,0,0,0,0,0,1,1,0,0,0
"M_717",2,2, 2070745,NA,NA, 16.87,1,0,0,0,0,0,1,0,0,0,0,0,0,0
"M_718",2,2, 2070747,NA,NA, 17.05,1,0,0,0,0,1,0,0,0,0,0,0,0,0
"M_719",2,2, 2187590,NA,NA, 17.05,1,1,0,0,0,1,0,0,0,0,1,0,0,0
"M_720",2,2, 2187616,NA,NA, 17.05,1,0,0,1,0,0,0,0,0,0,0,0,0,0
"M_721",2,2, 2203128,NA,NA, 17.33,0,1,0,0,0,0,0,0,1,0,0,0,0,0
"M_722",2,2, 2249072,NA,NA, 17.33,0,2,0,0,0,0,0,0,0,1,1,0,0,0
"M_723",2,2, 2108383,NA,NA, 17.34,1,0,0,0,0,0,1,0,0,0,0,0,0,0
"M_725",2,2, 2118497,NA,NA, 17.34,3,2,0,1,1,0,0,1,0,0,0,1,0,1
"M_726",2,2, 2163060,NA,NA, 17.34,3,1,1,1,0,0,0,1,0,1,0,0,0,0
"M_727",2,2, 2095865,NA,NA, 17.42,1,0,0,1,0,0,0,0,0,0,0,0,0,0
"M_728",2,2, 2108358,NA,NA, 17.51,0,2,0,0,0,0,0,0,0,1,1,0,0,0
"M_730",2,2, 2108375,NA,NA, 17.51,2,0,0,1,1,0,0,0,0,0,0,0,0,0
"M_731",2,2, 2163082,NA,NA, 17.51,3,3,0,0,1,1,1,0,0,0,1,1,0,1
"M_733",2,2, 2187175,NA,NA, 17.51,1,0,0,0,0,0,0,1,0,0,0,0,0,0
"M_734",2,2, 2070752,NA,NA, 17.51,4,1,0,1,1,0,1,1,0,0,0,0,0,1
"M_737",2,2, 2095847,NA,NA, 18.55,1,2,1,0,0,0,0,0,1,0,0,0,1,0
"M_738",2,2, 2323302,NA,NA, 19.21,1,0,0,0,0,1,0,0,0,0,0,0,0,0
"M_739",2,2, 2339897,NA,NA, 19.33,0,1,0,0,0,0,0,0,0,0,0,1,0,0
"M_740",2,2, 2345520,NA,NA, 19.34,2,2,0,0,0,1,0,1,0,0,0,0,1,1
"M_741",2,2, 2345535,NA,NA, 19.73,2,1,0,0,1,0,1,0,0,1,0,0,0,0
"M_742",2,2, 2447825,NA,NA, 20.14,0,1,0,0,0,0,0,0,0,0,0,0,0,1
"M_743",2,2, 2447853,NA,NA, 20.63,0,1,0,0,0,0,0,0,0,1,0,0,0,0
"M_744",2,2, 2498339,NA,NA, 20.63,1,1,1,0,0,0,0,0,0,1,0,0,0,0
"M_745",2,2, 2548902,NA,NA, 21.71,1,1,1,0,0,0,0,0,0,1,0,0,0,0
"M_746",2,2, 2627244,NA,NA, 22.04,1,0,0,0,1,0,0,0,0,0,0,0,0,0
"M_747",2,2, 2664713,NA,NA, 22.05,1,0,0,0,0,0,0,1,0,0,0,0,0,0
"M_748",2,2, 2664731,NA,NA, 22.05,2,0,0,0,1,1,0,0,0,0,0,0,0,0
"M_749",2,2, 2681080,NA,NA, 22.31,1,1,0,0,0,0,1,0,0,1,0,0,0,0
"M_750",2,2, 2701989,NA,NA, 22.31,1,0,0,0,0,1,0,0,0,0,0,0,0,0
"M_751",2,2, 2701992,NA,NA, 22.31,0,1,0,0,0,0,0,0,0,1,0,0,0,0
"M_752",2,2, 2702022,NA,NA, 22.31,2,1,0,0,1,1,0,0,0,1,0,0,0,0
"M_753",2,2, 2702027,NA,NA, 22.31,0,4,0,0,0,0,0,0,0,0,1,1,1,1
"M_754",2,2, 2702036,NA,NA, 22.46,4,1,1,1,0,0,1,1,1,0,0,0,0,0
"M_755",2,2, 2729207,NA,NA, 22.46,1,0,0,0,0,0,1,0,0,0,0,0,0,0
"M_757",2,2, 2778120,NA,NA, 22.54,0,1,0,0,0,0,0,0,1,0,0,0,0,0
"M_758",2,2, 2548931,NA,NA, 22.62,2,2,0,0,1,1,0,0,0,0,0,1,1,0
"M_759",2,2, 2552454,NA,NA, 22.62,1,0,0,1,0,0,0,0,0,0,0,0,0,0
"M_760",2,2, 2587818,NA,NA, 22.62,1,0,0,0,1,0,0,0,0,0,0,0,0,0
"M_761",2,2, 2606035,NA,NA, 22.91,1,0,0,0,1,0,0,0,0,0,0,0,0,0
"M_762",2,2, 2778152,NA,NA, 22.99,1,0,0,0,0,0,1,0,0,0,0,0,0,0
"M_763",2,2, 2778169,NA,NA, 23.39,1,0,0,0,0,0,1,0,0,0,0,0,0,0
"M_764",2,2, 2780996,NA,NA, 23.39,1,0,0,0,0,0,0,1,0,0,0,0,0,0
"M_765",2,2, 2781008,NA,NA, 23.39,3,1,1,1,1,0,0,0,0,0,1,0,0,0
"M_766",2,2, 2901205,NA,NA, 23.56,0,1,0,0,0,0,0,0,1,0,0,0,0,0
"M_767",2,2, 2912961,NA,NA, 23.87,2,1,1,0,0,0,1,0,0,0,0,0,1,0
"M_768",2,2, 2912964,NA,NA, 23.87,2,0,0,1,0,0,0,1,0,0,0,0,0,0
"M_769",2,2, 2990041,NA,NA, 23.87,1,0,1,0,0,0,0,0,0,0,0,0,0,0
"M_770",2,2, 2896102,NA,NA, 23.90,1,0,0,1,0,0,0,0,0,0,0,0,0,0
"M_771",2,2, 2901188,NA,NA, 24.08,1,0,0,0,0,0,0,1,0,0,0,0,0,0
"M_772",2,2, 2901190,NA,NA, 24.08,2,3,1,0,0,1,0,0,0,1,0,0,1,1
"M_773",2,2, 2901197,NA,NA, 24.08,1,0,0,0,1,0,0,0,0,0,0,0,0,0
"M_774",2,2, 3072844,NA,NA, 24.08,0,1,0,0,0,0,0,0,0,0,1,0,0,0
"M_775",2,2, 3176290,NA,NA, 24.08,1,0,1,0,0,0,0,0,0,0,0,0,0,0
"M_776",2,2, 3176294,NA,NA, 24.16,1,0,0,0,1,0,0,0,0,0,0,0,0,0
"M_778",2,2, 2813797,NA,NA, 24.16,1,1,0,0,0,0,0,1,1,0,0,0,0,0
"M_780",2,2, 2821795,NA,NA, 24.17,0,1,0,0,0,0,0,0,0,0,0,1,0,0
"M_783",2,2, 2842845,NA,NA, 24.49,1,0,0,0,1,0,0,0,0,0,0,0,0,0
"M_784",2,2, 2842854,NA,NA, 24.67,0,1,0,0,0,0,0,0,0,0,0,1,0,0
"M_785",2,2, 2844493,NA,NA, 24.73,1,0,0,1,0,0,0,0,0,0,0,0,0,0
"M_786",2,2, 2798311,NA,NA, 24.84,0,1,0,0,0,0,0,0,0,0,0,0,1,0
"M_788",2,2, 2806737,NA,NA, 24.97,1,0,0,0,1,0,0,0,0,0,0,0,0,0
"M_792",2,2, 3014699,NA,NA, 24.97,1,0,1,0,0,0,0,0,0,0,0,0,0,0
"M_794",2,2, 2878525,NA,NA, 26.07,1,0,0,1,0,0,0,0,0,0,0,0,0,0
"M_797",2,2, 2891190,NA,NA, 26.69,0,1,0,0,0,0,0,0,0,0,0,1,0,0
"M_798",2,2, 3527514,NA,NA, 26.75,1,0,0,1,0,0,0,0,0,0,0,0,0,0
"M_800",2,2, 3541319,NA,NA, 26.75,1,0,1,0,0,0,0,0,0,0,0,0,0,0
"M_801",2,2, 3481505,NA,NA, 26.75,2,2,0,0,1,1,0,0,0,0,0,1,0,1
"M_802",2,2, 3495165,NA,NA, 26.75,3,3,1,1,0,0,1,0,1,1,1,0,0,0
"M_803",2,2, 3527497,NA,NA, 26.75,1,1,0,0,0,0,1,0,0,0,0,0,1,0
"M_804",2,2, 3527513,NA,NA, 26.75,1,1,0,0,0,0,0,1,0,0,0,0,0,1
"M_805",2,2, 3402470,NA,NA, 26.75,0,1,0,0,0,0,0,0,0,0,1,0,0,0
"M_806",2,2, 3403710,NA,NA, 26.76,4,1,0,1,1,1,0,1,0,0,0,1,0,0
"M_807",2,2, 3406562,NA,NA, 26.79,1,1,0,0,0,1,0,0,0,0,0,1,0,0
"M_809",2,2, 3253902,NA,NA, 26.88,0,4,0,0,0,0,0,0,0,1,1,0,1,1
"M_810",2,2, 3258370,NA,NA, 26.99,3,2,0,1,1,1,0,0,1,0,0,1,0,0
"M_812",2,2, 3392827,NA,NA, 27.01,0,1,0,0,0,0,0,0,0,0,1,0,0,0
"M_813",2,2, 3585136,NA,NA, 27.82,2,3,0,0,1,1,0,0,1,0,0,1,1,0
"M_814",2,2, 3585139,NA,NA, 27.82,1,1,0,0,1,0,0,0,0,0,0,0,1,0
"M_815",2,2, 3585160,NA,NA, 28.61,1,2,0,0,0,1,0,0,1,0,0,1,0,0
"M_816",2,2, 3704500,NA,NA, 29.60,1,0,0,0,0,0,0,1,0,0,0,0,0,0
"M_817",2,2, 3935435,NA,NA, 29.61,1,4,0,1,0,0,0,0,1,1,1,0,0,1
"M_818",2,2, 4052906,NA,NA, 29.61,2,0,1,0,0,0,0,1,0,0,0,0,0,0
"M_819",2,2, 4052933,NA,NA, 29.62,1,0,1,0,0,0,0,0,0,0,0,0,0,0
"M_820",2,2, 4052939,NA,NA, 29.83,1,0,0,0,0,0,0,1,0,0,0,0,0,0
"M_821",2,2, 4134902,NA,NA, 30.06,1,3,0,0,0,0,0,1,1,0,1,0,0,1
"M_822",2,2, 4190575,NA,NA, 30.06,1,0,0,0,0,0,0,1,0,0,0,0,0,0
"M_823",2,2, 4190607,NA,NA, 30.48,1,0,0,0,0,0,0,1,0,0,0,0,0,0
"M_824",2,2, 4240981,NA,NA, 30.48,4,1,0,1,1,1,1,0,0,0,1,0,0,0
"M_825",2,2, 3821968,NA,NA, 30.60,1,0,0,0,0,0,1,0,0,0,0,0,0,0
"M_826",2,2, 3830117,NA,NA, 30.60,3,1,0,0,1,1,1,0,1,0,0,0,0,0
"M_827",2,2, 3851770,NA,NA, 30.63,0,2,0,0,0,0,0,0,0,1,0,0,0,1
"M_828",2,2, 3851773,NA,NA, 31.09,0,2,0,0,0,0,0,0,0,1,0,0,0,1
"M_829",2,2, 4061306,NA,NA, 31.11,2,0,0,0,0,1,1,0,0,0,0,0,0,0
"M_830",2,2, 4061307,NA,NA, 31.11,1,0,0,0,0,0,0,1,0,0,0,0,0,0
"M_831",2,2, 4077220,NA,NA, 31.11,0,2,0,0,0,0,0,0,0,0,1,0,0,1
"M_832",2,2, 4102252,NA,NA, 31.50,1,0,0,0,0,0,0,1,0,0,0,0,0,0
"M_833",2,2, 4302302,NA,NA, 31.71,2,0,0,1,0,0,0,1,0,0,0,0,0,0
"M_834",2,2, 4302311,NA,NA, 32.49,1,0,0,0,0,0,0,1,0,0,0,0,0,0
"M_835",2,2, 4302314,NA,NA, 32.50,1,1,0,0,1,0,0,0,0,0,0,1,0,0
"M_836",2,2, 4398860,NA,NA, 32.50,0,2,0,0,0,0,0,0,1,1,0,0,0,0
"M_837",2,2, 4241031,NA,NA, 32.50,1,1,0,1,0,0,0,0,0,0,1,0,0,0
"M_838",2,2, 4267165,NA,NA, 32.50,0,1,0,0,0,0,0,0,0,0,1,0,0,0
"M_840",2,2, 4267580,NA,NA, 32.50,2,2,1,0,0,0,0,1,0,0,0,1,0,1
"M_841",2,2, 4595233,NA,NA, 32.69,1,0,0,0,1,0,0,0,0,0,0,0,0,0
"M_842",2,2, 4595268,NA,NA, 32.87,2,0,1,0,1,0,0,0,0,0,0,0,0,0
"M_843",2,2, 4595282,NA,NA, 32.87,0,1,0,0,0,0,0,0,0,0,0,1,0,0
"M_844",2,2, 4485140,NA,NA, 32.87,0,1,0,0,0,0,0,0,0,1,0,0,0,0
"M_845",2,2, 4485160,NA,NA, 32.87,4,1,1,0,0,1,1,1,1,0,0,0,0,0
"M_846",2,2, 4522266,NA,NA, 32.88,3,2,1,0,0,1,1,0,1,1,0,0,0,0
"M_848",2,2, 4275298,NA,NA, 32.88,1,1,1,0,0,0,0,0,0,0,0,0,0,1
"M_849",2,2, 4275335,NA,NA, 32.88,0,1,0,0,0,0,0,0,0,0,1,0,0,0
"M_850",2,2, 4300239,NA,NA, 32.88,2,1,0,0,1,1,0,0,0,0,0,1,0,0
"M_851",2,2, 4398861,NA,NA, 32.88,1,0,0,0,0,1,0,0,0,0,0,0,0,0
"M_852",2,2, 4453002,NA,NA, 32.89,4,2,1,0,1,0,1,1,1,1,0,0,0,0
"M_853",2,2, 4453014,NA,NA, 32.99,1,0,0,0,0,0,0,1,0,0,0,0,0,0
"M_854",2,2, 4453029,NA,NA, 33.30,2,0,1,0,0,0,1,0,0,0,0,0,0,0
"M_856",2,2, 4696449,NA,NA, 33.46,1,1,0,0,1,0,0,0,0,1,0,0,0,0
"M_857",2,2, 4696451,NA,NA, 33.76,0,1,0,0,0,0,0,0,0,0,0,1,0,0
"M_858",2,2, 4696477,NA,NA, 33.77,1,0,0,0,1,0,0,0,0,0,0,0,0,0
"M_859",2,2, 4897594,NA,NA, 33.77,3,1,1,0,0,1,1,0,0,0,0,1,0,0
"M_860",2,2, 4909676,NA,NA, 33.86,1,0,0,0,0,0,1,0,0,0,0,0,0,0
"M_862",2,2, 4919302,NA,NA, 33.92,2,0,1,0,0,1,0,0,0,0,0,0,0,0
"M_863",2,2, 4630139,NA,NA, 33.92,1,0,0,0,0,1,0,0,0,0,0,0,0,0
"M_868",2,2, 4557008,NA,NA, 34.13,1,0,0,0,0,0,0,1,0,0,0,0,0,0
"M_869",2,2, 4592633,NA,NA, 34.89,0,1,0,0,0,0,0,0,0,0,0,1,0,0
"M_870",2,2, 4592656,NA,NA, 35.02,0,1,0,0,0,0,0,0,0,1,0,0,0,0
"M_871",2,2, 4919303,NA,NA, 35.13,1,1,0,1,0,0,0,0,0,0,0,0,0,1
"M_872",2,2, 4970585,NA,NA, 35.39,1,0,0,0,0,0,0,1,0,0,0,0,0,0
"M_873",2,2, 5016415,NA,NA, 35.42,1,0,0,0,0,0,1,0,0,0,0,0,0,0
"M_874",2,2, 5081472,NA,NA, 35.72,2,2,0,1,0,0,0,1,0,0,0,0,1,1
"M_875",2,2, 5081508,NA,NA, 35.72,3,2,1,0,0,1,1,0,0,0,1,1,0,0
"M_877",2,2, 5126066,NA,NA, 36.24,1,0,0,0,0,0,0,1,0,0,0,0,0,0
"M_878",2,2, 5147569,NA,NA, 36.54,1,3,0,1,0,0,0,0,1,0,0,0,1,1
"M_879",2,2, 5292454,NA,NA, 36.69,1,0,0,0,0,0,1,0,0,0,0,0,0,0
"M_880",2,2, 5297774,NA,NA, 37.26,1,0,0,1,0,0,0,0,0,0,0,0,0,0
"M_881",2,2, 5331243,NA,NA, 37.30,1,0,0,0,0,0,0,1,0,0,0,0,0,0
"M_882",2,2, 5331288,NA,NA, 37.36,2,2,1,0,0,1,0,0,0,0,1,1,0,0
"M_883",2,2, 5423550,NA,NA, 37.98,1,0,0,1,0,0,0,0,0,0,0,0,0,0
"M_884",2,2, 5445543,NA,NA, 38.06,1,0,0,0,0,0,1,0,0,0,0,0,0,0
"M_885",2,2, 5445577,NA,NA, 38.24,1,2,0,0,1,0,0,0,0,1,0,0,1,0
"M_886",2,2, 5445580,NA,NA, 38.38,1,1,0,0,0,0,1,0,0,0,0,0,0,1
"M_887",2,2, 5814284,NA,NA, 38.67,1,2,0,0,1,0,0,0,0,1,0,0,1,0
"M_888",2,2, 5864754,NA,NA, 39.22,1,1,0,1,0,0,0,0,0,1,0,0,0,0
"M_889",2,2, 5869994,NA,NA, 39.22,1,0,0,0,0,0,0,1,0,0,0,0,0,0
"M_890",2,2, 5936220,NA,NA, 39.22,2,2,0,0,0,1,1,0,0,0,1,1,0,0
"M_892",2,2, 5967128,NA,NA, 39.84,1,0,1,0,0,0,0,0,0,0,0,0,0,0
"M_894",2,2, 6108429,NA,NA, 40.21,0,1,0,0,0,0,0,0,0,1,0,0,0,0
"M_895",2,2, 6250281,NA,NA, 40.21,0,1,0,0,0,0,0,0,0,0,0,0,0,1
"M_896",2,2, 6250302,NA,NA, 40.22,1,0,1,0,0,0,0,0,0,0,0,0,0,0
"M_897",2,2, 6343759,NA,NA, 40.23,2,0,0,1,0,0,1,0,0,0,0,0,0,0
"M_898",2,2, 6343777,NA,NA, 40.47,1,2,0,0,1,0,0,0,0,1,0,0,1,0
"M_899",2,2, 6419457,NA,NA, 40.47,2,1,0,1,0,0,1,0,0,1,0,0,0,0
"M_900",2,2, 6419489,NA,NA, 40.47,2,2,1,0,0,1,0,0,0,0,1,1,0,0
"M_901",2,2, 6454355,NA,NA, 40.81,1,0,0,0,0,0,0,1,0,0,0,0,0,0
"M_902",2,2, 6500567,NA,NA, 40.97,0,1,0,0,0,0,0,0,0,0,0,0,0,1
"M_903",2,2, 6500611,NA,NA, 41.20,0,1,0,0,0,0,0,0,0,0,0,0,0,1
"M_904",2,2, 6525452,NA,NA, 41.43,0,1,0,0,0,0,0,0,0,0,0,0,0,1
"M_905",2,2, 6575906,NA,NA, 41.45,1,0,1,0,0,0,0,0,0,0,0,0,0,0
"M_906",2,2, 6578579,NA,NA, 41.70,1,0,1,0,0,0,0,0,0,0,0,0,0,0
"M_907",2,2,12996710,NA,NA, 44.27,1,0,1,0,0,0,0,0,0,0,0,0,0,0
"M_908",2,2,13046136,NA,NA, 44.76,1,0,1,0,0,0,0,0,0,0,0,0,0,0
"M_909",2,2,13177569,NA,NA, 44.76,2,0,1,0,0,0,1,0,0,0,0,0,0,0
"M_911",2,2, 8899773,NA,NA, 44.94,2,2,0,0,1,0,0,1,0,1,0,0,1,0
"M_912",2,2, 8948408,NA,NA, 45.32,2,4,0,0,1,0,0,1,0,1,1,1,1,0
"M_913",2,2, 9067785,NA,NA, 45.32,1,0,1,0,0,0,0,0,0,0,0,0,0,0
"M_914",2,2, 9067799,NA,NA, 45.32,0,2,0,0,0,0,0,0,0,0,1,1,0,0
"M_915",2,2, 9067806,NA,NA, 45.74,1,0,1,0,0,0,0,0,0,0,0,0,0,0
"M_917",2,2, 7233116,NA,NA, 45.75,2,2,0,1,0,0,1,0,0,1,0,0,0,1
"M_918",2,2, 7233118,NA,NA, 45.81,0,1,0,0,0,0,0,0,0,0,0,0,0,1
"M_919",2,2, 7233147,NA,NA, 45.84,2,0,0,1,0,0,1,0,0,0,0,0,0,0
"M_920",2,2, 7323111,NA,NA, 45.93,2,2,1,0,0,1,0,0,0,0,1,1,0,0
"M_921",2,2, 7501129,NA,NA, 45.94,2,1,0,1,0,0,1,0,0,0,0,0,0,1
"M_922",2,2, 7501130,NA,NA, 45.94,1,1,0,0,1,0,0,0,0,0,0,0,1,0
"M_923",2,2, 7501132,NA,NA, 46.56,2,1,0,1,0,0,1,0,0,0,0,0,0,1
"M_924",2,2, 8676667,NA,NA, 46.58,1,0,1,0,0,0,0,0,0,0,0,0,0,0
"M_925",2,2, 8678270,NA,NA, 47.37,3,2,1,0,1,0,0,1,0,1,0,0,1,0
"M_926",2,2, 8679742,NA,NA, 47.37,0,3,0,0,0,0,0,0,1,0,1,1,0,0
"M_927",2,2, 8839936,NA,NA, 48.05,0,2,0,0,0,0,0,0,0,0,1,1,0,0
"M_928",2,2,16947417,NA,NA, 48.15,1,1,0,0,0,1,0,0,0,0,0,1,0,0
"M_929",2,2,16947421,NA,NA, 49.03,1,0,1,0,0,0,0,0,0,0,0,0,0,0
"M_930",2,2,16958640,NA,NA, 49.04,1,1,0,0,0,1,0,0,0,0,0,1,0,0
"M_931",2,2,11344782,NA,NA, 49.04,2,1,0,1,0,0,0,1,0,1,0,0,0,0
"M_932",2,2,11344825,NA,NA, 49.06,1,0,0,1,0,0,0,0,0,0,0,0,0,0
"M_933",2,2,11415785,NA,NA, 49.26,1,1,0,0,0,0,0,1,0,1,0,0,0,0
"M_935",2,2,13764359,NA,NA, 49.88,1,0,0,0,0,0,1,0,0,0,0,0,0,0
"M_936",2,2,13880402,NA,NA, 49.97,1,0,0,1,0,0,0,0,0,0,0,0,0,0
"M_937",2,2,13880407,NA,NA, 50.06,1,0,0,0,0,0,1,0,0,0,0,0,0,0
"M_939",2,2, 8861378,NA,NA, 50.06,1,0,1,0,0,0,0,0,0,0,0,0,0,0
"M_941",2,2, 8861380,NA,NA, 50.33,1,0,1,0,0,0,0,0,0,0,0,0,0,0
"M_942",2,2, 8899717,NA,NA, 50.60,2,2,0,0,1,0,0,1,0,1,0,0,1,0
"M_944",2,2,17287649,NA,NA, 50.60,1,1,0,0,0,1,0,0,0,0,0,1,0,0
"M_945",2,2,17474892,NA,NA, 50.60,1,0,1,0,0,0,0,0,0,0,0,0,0,0
"M_948",2,2, 9132229,NA,NA, 50.60,0,2,0,0,0,0,0,0,0,0,1,1,0,0
"M_951",2,2, 9603951,NA,NA, 50.60,1,1,1,0,0,0,0,0,1,0,0,0,0,0
"M_954",2,2,18948571,NA,NA, 50.77,1,0,1,0,0,0,0,0,0,0,0,0,0,0
"M_955",2,2,18996113,NA,NA, 50.77,1,1,0,0,0,1,0,0,0,0,0,1,0,0
"M_958",2,2,18825738,NA,NA, 51.02,1,0,1,0,0,0,0,0,0,0,0,0,0,0
"M_959",2,2,18825816,NA,NA, 51.02,3,3,1,1,0,1,0,0,1,0,1,1,0,0
"M_960",2,2,18240469,NA,NA, 51.02,1,0,0,0,0,0,1,0,0,0,0,0,0,0
"M_961",2,2,18270916,NA,NA, 51.02,2,2,0,1,0,0,1,0,1,0,1,0,0,0
"M_963",2,2,18270942,NA,NA, 51.02,1,1,0,1,0,0,0,0,0,0,1,0,0,0
"M_964",2,2,16995287,NA,NA, 51.09,2,3,0,0,1,0,0,1,0,1,0,0,1,1
"M_965",2,2,16995317,NA,NA, 51.09,1,1,0,1,0,0,0,0,0,0,1,0,0,0
"M_967",2,2,17118915,NA,NA, 51.09,2,1,1,0,0,1,0,0,0,0,0,1,0,0
"M_968",2,2,18270963,NA,NA, 51.09,2,2,0,1,0,0,1,0,1,0,1,0,0,0
"M_970",2,2,18405577,NA,NA, 51.13,2,0,1,0,0,0,1,0,0,0,0,0,0,0
"M_971",2,2,18457493,NA,NA, 51.17,2,3,0,0,1,0,0,1,0,1,0,0,1,1
"M_972",2,2,18825821,NA,NA, 51.27,2,3,0,1,0,1,0,0,1,0,1,1,0,0
"M_974",2,2,18825857,NA,NA, 51.37,2,3,0,1,0,1,0,0,1,0,1,1,0,0
"M_975",2,2,18844311,NA,NA, 51.37,1,1,0,0,0,1,0,0,0,0,0,1,0,0
"M_977",2,2,18652883,NA,NA, 51.49,1,0,0,0,0,0,1,0,0,0,0,0,0,0
"M_978",2,2,18701366,NA,NA, 51.49,2,3,0,0,1,0,0,1,0,1,0,0,1,1
"M_981",2,2, 9744774,NA,NA, 51.49,0,1,0,0,0,0,0,0,0,0,1,0,0,0
"M_982",2,2,10166073,NA,NA, 51.49,1,1,0,0,0,1,0,0,0,0,0,1,0,0
"M_984",2,2,10209219,NA,NA, 53.10,1,0,0,0,0,0,1,0,0,0,0,0,0,0
"M_985",2,2,10215475,NA,NA, 53.86,1,0,1,0,0,0,0,0,0,0,0,0,0,0
"M_986",2,2,10586945,NA,NA, 53.89,0,2,0,0,0,0,0,0,1,0,1,0,0,0
"M_987",2,2,10586969,NA,NA, 53.89,1,1,0,0,0,0,1,0,1,0,0,0,0,0
"M_988",2,2,10672129,NA,NA, 54.22,0,1,0,0,0,0,0,0,0,0,1,0,0,0
"M_989",2,2,11415808,NA,NA, 54.24,1,1,0,0,0,0,0,1,0,1,0,0,0,0
"M_990",2,2,11417892,NA,NA, 54.24,2,2,0,1,0,0,0,1,1,1,0,0,0,0
"M_991",2,2,11547638,NA,NA, 54.25,1,0,0,1,0,0,0,0,0,0,0,0,0,0
"M_992",2,2,11615206,NA,NA, 54.78,1,1,0,0,0,0,0,1,0,1,0,0,0,0
"M_993",2,2,15476883,NA,NA, 54.97,1,0,0,0,1,0,0,0,0,0,0,0,0,0
"M_994",2,2,15583783,NA,NA, 55.07,3,3,0,1,1,0,0,1,1,1,1,0,0,0
"M_995",2,2,15710317,NA,NA, 55.07,0,1,0,0,0,0,0,0,0,0,1,0,0,0
"M_996",2,2,16947385,NA,NA, 55.13,1,0,1,0,0,0,0,0,0,0,0,0,0,0
"M_997",2,2,11251983,NA,NA, 55.40,0,1,0,0,0,0,0,0,0,0,1,0,0,0
"M_998",2,2,11254306,NA,NA, 55.41,2,3,0,1,1,0,0,0,1,0,0,0,1,1
"M_999",2,2,11254307,NA,NA, 55.41,1,0,0,1,0,0,0,0,0,0,0,0,0,0
"M_1000",2,2,11254318,NA,NA, 55.41,3,1,1,0,0,1,1,0,0,0,0,1,0,0
"M_1001",3,3, 1265783,NA,NA,  0.00,1,1,1,0,0,0,0,0,1,0,0,0,0,0
"M_1002",3,3, 1436583,NA,NA,  0.10,0,1,0,0,0,0,0,0,1,0,0,0,0,0
"M_1003",3,3, 1470307,NA,NA,  0.10,1,2,0,1,0,0,0,0,1,1,0,0,0,0
"M_1004",3,3, 1079461,NA,NA,  0.61,1,0,1,0,0,0,0,0,0,0,0,0,0,0
"M_1005",3,3, 1080915,NA,NA,  0.62,1,1,1,0,0,0,0,0,1,0,0,0,0,0
"M_1006",3,3, 1248421,NA,NA,  1.36,0,1,0,0,0,0,0,0,1,0,0,0,0,0
"M_1007",3,3, 1599475,NA,NA,  1.36,1,0,0,0,1,0,0,0,0,0,0,0,0,0
"M_1008",3,3, 1600324,NA,NA,  1.36,0,3,0,0,0,0,0,0,0,0,1,1,1,0
"M_1011",3,3, 1512071,NA,NA,  1.43,1,0,1,0,0,0,0,0,0,0,0,0,0,0
"M_1013",3,3, 1662022,NA,NA,  2.14,3,1,1,0,0,1,1,0,0,0,0,0,0,1
"M_1014",3,3, 1671362,NA,NA,  2.14,0,1,0,0,0,0,0,0,0,1,0,0,0,0
"M_1015",3,3, 1762660,NA,NA,  2.48,3,1,1,0,0,1,1,0,0,0,0,0,0,1
"M_1016",3,3, 2211032,NA,NA,  2.68,0,1,0,0,0,0,0,0,0,1,0,0,0,0
"M_1017",3,3, 2261733,NA,NA,  2.68,1,0,1,0,0,0,0,0,0,0,0,0,0,0
"M_1019",3,3, 2319013,NA,NA,  3.13,0,1,0,0,0,0,0,0,1,0,0,0,0,0
"M_1020",3,3, 1883489,NA,NA,  3.54,1,1,0,0,0,1,0,0,0,0,0,0,0,1
"M_1021",3,3, 1920266,NA,NA,  3.63,2,0,1,0,0,0,1,0,0,0,0,0,0,0
"M_1022",3,3, 1920283,NA,NA,  4.12,1,1,0,0,0,1,0,0,0,0,0,0,0,1
"M_1023",3,3, 2448639,NA,NA,  4.12,2,0,1,0,1,0,0,0,0,0,0,0,0,0
"M_1024",3,3, 2448643,NA,NA,  4.34,2,0,1,0,1,0,0,0,0,0,0,0,0,0
"M_1025",3,3, 2475310,NA,NA,  4.90,1,1,0,0,0,1,0,0,0,0,0,0,0,1
"M_1026",3,3, 1954711,NA,NA,  5.06,1,2,0,1,0,0,0,0,0,0,1,1,0,0
"M_1027",3,3, 2003851,NA,NA,  6.59,0,1,0,0,0,0,0,0,1,0,0,0,0,0
"M_1028",3,3, 2559089,NA,NA,  6.80,1,2,0,0,0,1,0,0,0,1,0,0,0,1
"M_1029",3,3, 2743606,NA,NA,  7.21,2,0,0,0,0,0,1,1,0,0,0,0,0,0
"M_1030",3,3, 2765587,NA,NA,  9.50,1,1,0,0,0,0,1,0,0,0,0,0,0,1
"M_1031",3,3, 4171917,NA,NA, 10.30,1,1,0,0,0,0,1,0,1,0,0,0,0,0
"M_1032",3,3, 4392674,NA,NA, 10.77,0,1,0,0,0,0,0,0,0,0,0,0,1,0
"M_1033",3,3, 4431250,NA,NA, 11.06,1,1,0,0,0,0,0,1,0,0,0,0,0,1
"M_1034",3,3, 4431256,NA,NA, 11.06,1,0,0,0,0,0,0,1,0,0,0,0,0,0
"M_1035",3,3, 4431265,NA,NA, 11.76,1,0,0,0,1,0,0,0,0,0,0,0,0,0
"M_1036",3,3, 4727347,NA,NA, 11.77,2,0,0,0,1,0,1,0,0,0,0,0,0,0
"M_1037",3,3, 4727369,NA,NA, 11.96,2,0,0,0,1,0,1,0,0,0,0,0,0,0
"M_1038",3,3, 4844900,NA,NA, 11.97,0,1,0,0,0,0,0,0,0,0,0,0,0,1
"M_1039",3,3, 3991536,NA,NA, 11.98,1,1,1,0,0,0,0,0,0,1,0,0,0,0
"M_1040",3,3, 4023910,NA,NA, 12.58,1,1,1,0,0,0,0,0,0,1,0,0,0,0
"M_1041",3,3, 4710090,NA,NA, 13.35,2,2,1,0,0,0,0,1,0,0,0,0,1,1
"M_1042",3,3, 4710146,NA,NA, 13.39,0,2,0,0,0,0,0,0,0,1,1,0,0,0
"M_1043",3,3, 4714405,NA,NA, 13.47,1,0,1,0,0,0,0,0,0,0,0,0,0,0
"M_1044",3,3, 5037175,NA,NA, 13.54,2,1,0,1,0,1,0,0,0,0,0,1,0,0
"M_1045",3,3, 5037745,NA,NA, 13.54,1,0,0,0,0,0,1,0,0,0,0,0,0,0
"M_1046",3,3, 5055667,NA,NA, 13.54,1,2,0,1,0,0,0,0,0,0,1,1,0,0
"M_1047",3,3, 5055687,NA,NA, 13.85,1,2,0,1,0,0,0,0,0,0,1,1,0,0
"M_1048",3,3, 3920348,NA,NA, 13.86,1,0,0,0,0,0,1,0,0,0,0,0,0,0
"M_1049",3,3, 3952516,NA,NA, 13.99,1,0,0,0,1,0,0,0,0,0,0,0,0,0
"M_1050",3,3, 3986399,NA,NA, 14.30,1,0,0,0,0,0,0,1,0,0,0,0,0,0
"M_1051",3,3, 5030957,NA,NA, 14.30,0,1,0,0,0,0,0,0,0,0,1,0,0,0
"M_1052",3,3, 5030960,NA,NA, 14.30,1,2,1,0,0,0,0,0,0,0,0,0,1,1
"M_1053",3,3, 5460785,NA,NA, 14.34,0,1,0,0,0,0,0,0,0,0,0,0,0,1
"M_1054",3,3, 5464313,NA,NA, 15.79,1,1,1,0,0,0,0,0,0,1,0,0,0,0
"M_1055",3,3, 5464336,NA,NA, 16.67,1,1,1,0,0,0,0,0,0,1,0,0,0,0
"M_1056",3,3, 7038596,NA,NA, 17.81,1,1,0,0,0,1,0,0,0,0,1,0,0,0
"M_1057",3,3, 7096976,NA,NA, 18.29,1,0,0,0,1,0,0,0,0,0,0,0,0,0
"M_1058",3,3, 7446098,NA,NA, 18.30,0,1,0,0,0,0,0,0,0,0,0,0,1,0
"M_1059",3,3, 6288888,NA,NA, 18.30,0,1,0,0,0,0,0,0,0,0,1,0,0,0
"M_1061",3,3, 6288931,NA,NA, 18.30,0,2,0,0,0,0,0,0,0,0,1,1,0,0
"M_1062",3,3, 5532478,NA,NA, 18.41,2,0,1,0,0,1,0,0,0,0,0,0,0,0
"M_1063",3,3, 5652335,NA,NA, 18.41,2,0,0,0,1,0,0,1,0,0,0,0,0,0
"M_1064",3,3, 5726159,NA,NA, 18.81,0,1,0,0,0,0,0,0,0,0,1,0,0,0
"M_1065",3,3,11363482,NA,NA, 18.82,2,0,0,1,0,0,0,1,0,0,0,0,0,0
"M_1066",3,3,11419484,NA,NA, 18.83,0,1,0,0,0,0,0,0,0,1,0,0,0,0
"M_1067",3,3,11419491,NA,NA, 18.83,3,2,0,1,0,1,0,1,0,0,1,1,0,0
"M_1068",3,3, 7448526,NA,NA, 18.83,3,0,1,0,1,0,1,0,0,0,0,0,0,0
"M_1069",3,3, 7535830,NA,NA, 18.83,0,2,0,0,0,0,0,0,1,0,0,0,0,1
"M_1071",3,3, 5945612,NA,NA, 19.16,1,2,0,0,0,1,0,0,0,0,0,1,1,0
"M_1072",3,3, 6219382,NA,NA, 19.16,1,0,0,0,1,0,0,0,0,0,0,0,0,0
"M_1073",3,3, 6288852,NA,NA, 19.32,0,2,0,0,0,0,0,0,1,0,0,0,0,1
"M_1074",3,3, 6343613,NA,NA, 19.33,1,0,0,0,1,0,0,0,0,0,0,0,0,0
"M_1075",3,3, 6383827,NA,NA, 19.33,2,3,0,1,0,0,0,1,1,0,1,0,1,0
"M_1076",3,3, 6383850,NA,NA, 19.66,0,1,0,0,0,0,0,0,0,0,1,0,0,0
"M_1078",3,3, 9883560,NA,NA, 20.01,0,1,0,0,0,0,0,0,0,0,0,0,1,0
"M_1079",3,3, 9883593,NA,NA, 20.17,2,1,0,0,1,1,0,0,0,0,1,0,0,0
"M_1080",3,3,10093124,NA,NA, 20.17,0,2,0,0,0,0,0,0,1,1,0,0,0,0
"M_1081",3,3, 7557375,NA,NA, 20.17,1,1,0,0,0,1,0,0,0,0,1,0,0,0
"M_1082",3,3, 7736440,NA,NA, 20.20,0,1,0,0,0,0,0,0,0,1,0,0,0,0
"M_1084",3,3,11166536,NA,NA, 20.34,0,1,0,0,0,0,0,0,0,0,0,1,0,0
"M_1085",3,3,11291855,NA,NA, 20.67,1,0,0,0,1,0,0,0,0,0,0,0,0,0
"M_1086",3,3,11356967,NA,NA, 20.67,2,0,0,1,0,0,0,1,0,0,0,0,0,0
"M_1087",3,3,11799879,NA,NA, 20.67,2,0,1,0,0,0,1,0,0,0,0,0,0,0
"M_1088",3,3,11799951,NA,NA, 20.68,2,3,0,0,1,1,0,0,0,1,1,0,0,1
"M_1089",3,3,11830574,NA,NA, 20.87,2,0,0,1,0,0,0,1,0,0,0,0,0,0
"M_1090",3,3, 7980769,NA,NA, 21.07,3,0,0,1,1,0,0,1,0,0,0,0,0,0
"M_1091",3,3, 8006590,NA,NA, 21.20,1,5,0,0,1,0,0,0,1,1,1,1,0,1
"M_1092",3,3, 8142605,NA,NA, 21.40,0,1,0,0,0,0,0,0,0,1,0,0,0,0
"M_1093",3,3,11422714,NA,NA, 21.40,2,0,1,0,0,0,1,0,0,0,0,0,0,0
"M_1094",3,3,11790625,NA,NA, 21.40,1,1,0,0,1,0,0,0,0,0,1,0,0,0
"M_1095",3,3,11790722,NA,NA, 21.53,2,4,0,0,1,1,0,0,0,0,1,1,1,1
"M_1096",3,3, 5825941,NA,NA, 21.54,0,1,0,0,0,0,0,0,0,0,0,0,0,1
"M_1098",3,3, 8923402,NA,NA, 21.68,0,2,0,0,0,0,0,0,0,1,0,0,1,0
"M_1099",3,3, 9841184,NA,NA, 22.02,0,1,0,0,0,0,0,0,0,0,0,0,1,0
"M_1100",3,3,12682460,NA,NA, 22.03,0,1,0,0,0,0,0,0,0,0,0,1,0,0
"M_1101",3,3,12682496,NA,NA, 22.31,5,0,1,1,0,1,1,1,0,0,0,0,0,0
"M_1102",3,3,12723178,NA,NA, 22.32,0,1,0,0,0,0,0,0,0,0,0,0,1,0
"M_1104",3,3,12278338,NA,NA, 22.32,0,1,0,0,0,0,0,0,0,1,0,0,0,0
"M_1105",3,3,12324363,NA,NA, 22.32,0,1,0,0,0,0,0,0,0,0,0,0,0,1
"M_1106",3,3,12580260,NA,NA, 22.33,1,1,0,0,1,0,0,0,0,0,1,0,0,0
"M_1107",3,3,13033088,NA,NA, 22.76,3,2,1,0,1,0,1,0,1,0,0,0,1,0
"M_1108",3,3,13092853,NA,NA, 22.76,0,1,0,0,0,0,0,0,0,0,1,0,0,0
"M_1109",3,3,13248021,NA,NA, 22.76,0,1,0,0,0,0,0,0,0,0,0,1,0,0
"M_1111",3,3,12598889,NA,NA, 22.76,0,1,0,0,0,0,0,0,0,1,0,0,0,0
"M_1112",3,3,12682454,NA,NA, 22.76,0,2,0,0,0,0,0,0,0,1,0,0,0,1
"M_1113",3,3,13841643,NA,NA, 23.21,2,0,0,1,0,0,0,1,0,0,0,0,0,0
"M_1114",3,3,13841733,NA,NA, 23.21,2,2,1,0,0,0,1,0,0,1,0,0,0,1
"M_1115",3,3,12161794,NA,NA, 23.21,2,0,1,0,0,0,1,0,0,0,0,0,0,0
"M_1118",3,3,11990730,NA,NA, 23.21,1,1,0,0,1,0,0,0,0,0,1,0,0,0
"M_1119",3,3,11990736,NA,NA, 23.22,1,0,0,0,1,0,0,0,0,0,0,0,0,0
"M_1121",3,3,12117927,NA,NA, 23.36,1,0,0,0,1,0,0,0,0,0,0,0,0,0
"M_1122",3,3,12161229,NA,NA, 23.36,0,1,0,0,0,0,0,0,0,0,1,0,0,0
"M_1124",3,3,12161793,NA,NA, 23.89,2,0,1,0,0,0,1,0,0,0,0,0,0,0
"M_1125",3,3,13248036,NA,NA, 23.90,0,1,0,0,0,0,0,0,0,0,1,0,0,0
"M_1127",3,3,13755208,NA,NA, 24.20,0,1,0,0,0,0,0,0,0,0,1,0,0,0
"M_1128",3,3, 6561283,NA,NA, 24.50,1,0,0,0,1,0,0,0,0,0,0,0,0,0
"M_1129",3,3, 6561317,NA,NA, 24.50,0,1,0,0,0,0,0,0,0,0,1,0,0,0
"M_1130",3,3, 6586808,NA,NA, 24.82,0,1,0,0,0,0,0,0,0,0,1,0,0,0
"M_1131",3,3,14433862,NA,NA, 24.82,2,3,0,0,1,1,0,0,0,1,0,0,1,1
"M_1132",3,3,14433916,NA,NA, 25.11,2,3,0,0,1,1,0,0,0,1,0,0,1,1
"M_1133",3,3,14721497,NA,NA, 25.12,0,1,0,0,0,0,0,0,0,0,0,0,0,1
"M_1134",3,3,13931385,NA,NA, 25.26,1,1,0,0,1,0,0,0,0,0,0,0,1,0
"M_1135",3,3,14388667,NA,NA, 25.26,0,1,0,0,0,0,0,0,0,0,1,0,0,0
"M_1137",3,3, 6342966,NA,NA, 25.66,1,0,0,0,1,0,0,0,0,0,0,0,0,0
"M_1139",3,3, 6343573,NA,NA, 25.83,0,1,0,0,0,0,0,0,0,0,0,0,0,1
"M_1140",3,3,16171676,NA,NA, 26.42,0,1,0,0,0,0,0,0,0,0,0,0,0,1
"M_1141",3,3,16273872,NA,NA, 26.93,0,2,0,0,0,0,0,0,1,0,0,1,0,0
"M_1142",3,3,16314296,NA,NA, 26.93,2,1,0,1,0,0,0,1,0,0,1,0,0,0
"M_1143",3,3,16353192,NA,NA, 27.13,0,1,0,0,0,0,0,0,0,1,0,0,0,0
"M_1144",3,3,16358292,NA,NA, 27.13,1,2,1,0,0,0,0,0,1,0,0,1,0,0
"M_1147",3,3,15517331,NA,NA, 27.14,2,3,0,1,0,0,0,1,1,0,1,1,0,0
"M_1149",3,3,16640902,NA,NA, 27.14,1,1,0,0,0,1,0,0,0,0,0,0,0,1
"M_1150",3,3,16752233,NA,NA, 27.40,0,1,0,0,0,0,0,0,0,1,0,0,0,0
"M_1151",3,3,17032714,NA,NA, 28.13,3,0,0,0,1,0,1,1,0,0,0,0,0,0
"M_1153",3,3,16592324,NA,NA, 28.41,2,0,0,0,1,1,0,0,0,0,0,0,0,0
"M_1154",3,3,16614725,NA,NA, 28.41,0,2,0,0,0,0,0,0,1,0,0,1,0,0
"M_1155",3,3,14721531,NA,NA, 28.97,0,1,0,0,0,0,0,0,0,0,0,0,0,1
"M_1156",3,3,14745142,NA,NA, 29.18,0,1,0,0,0,0,0,0,0,1,0,0,0,0
"M_1157",3,3,14745170,NA,NA, 29.21,0,1,0,0,0,0,0,0,0,0,0,0,0,1
"M_1158",3,3, 5726166,NA,NA, 29.83,0,2,0,0,0,0,0,0,0,0,1,0,0,1
"M_1159",3,3, 5726174,NA,NA, 29.87,0,1,0,0,0,0,0,0,0,0,0,0,0,1
"M_1161",3,3,15816295,NA,NA, 30.04,0,2,0,0,0,0,0,0,1,0,0,1,0,0
"M_1162",3,3,15917387,NA,NA, 30.05,2,0,1,0,1,0,0,0,0,0,0,0,0,0
"M_1163",3,3,16121604,NA,NA, 30.64,0,2,0,0,0,0,0,0,1,0,0,1,0,0
"M_1164",3,3,16171618,NA,NA, 31.39,0,1,0,0,0,0,0,0,0,1,0,0,0,0
"M_1165",3,3,17032738,NA,NA, 31.39,1,0,1,0,0,0,0,0,0,0,0,0,0,0
"M_1166",3,3,17032759,NA,NA, 31.52,1,1,0,1,0,0,0,0,0,0,1,0,0,0
"M_1167",3,3,17180677,NA,NA, 31.53,2,3,1,0,0,1,0,0,1,0,0,1,1,0
"M_1168",3,3,17288066,NA,NA, 31.69,3,3,0,0,1,1,0,1,1,1,0,1,0,0
"M_1169",3,3,17288089,NA,NA, 32.03,0,1,0,0,0,0,0,0,0,0,0,0,0,1
"M_1171",3,3,17339359,NA,NA, 32.15,1,1,1,0,0,0,0,0,0,0,0,0,1,0
"M_1172",3,3,17376181,NA,NA, 32.15,2,0,0,0,1,0,0,1,0,0,0,0,0,0
"M_1173",3,3,17456030,NA,NA, 32.94,0,1,0,0,0,0,0,0,0,0,1,0,0,0
"M_1174",3,3,12169864,NA,NA, 33.04,0,1,0,0,0,0,0,0,0,0,0,1,0,0
"M_1176",3,3,12169898,NA,NA, 33.82,0,1,0,0,0,0,0,0,0,0,0,1,0,0
"M_1177",3,3,17474985,NA,NA, 33.83,1,1,1,0,0,0,0,0,0,0,0,0,1,0
"M_1178",3,3,18010580,NA,NA, 34.87,2,3,0,0,1,0,0,1,1,1,0,1,0,0
"M_1179",3,3,18186330,NA,NA, 35.28,1,0,0,0,1,0,0,0,0,0,0,0,0,0
"M_1180",3,3,18445618,NA,NA, 36.50,1,1,1,0,0,0,0,0,0,0,0,0,1,0
"M_1181",3,3,18513700,NA,NA, 36.51,2,2,0,1,0,0,0,1,1,0,0,0,0,1
"M_1183",3,3,18517919,NA,NA, 36.51,1,0,0,0,0,0,0,1,0,0,0,0,0,0
"M_1184",3,3,18567275,NA,NA, 36.51,1,0,0,0,1,0,0,0,0,0,0,0,0,0
"M_1186",3,3,18722345,NA,NA, 36.51,1,0,0,1,0,0,0,0,0,0,0,0,0,0
"M_1187",3,3,18725618,NA,NA, 36.63,0,1,0,0,0,0,0,0,0,0,0,0,0,1
"M_1188",3,3,18874175,NA,NA, 37.79,2,2,1,0,0,0,1,0,0,1,1,0,0,0
"M_1189",3,3,18683400,NA,NA, 38.22,2,1,0,0,1,0,0,1,0,0,0,1,0,0
"M_1190",3,3,18712954,NA,NA, 38.30,0,1,0,0,0,0,0,0,0,0,0,0,0,1
"M_1191",3,3,18712987,NA,NA, 38.37,3,3,1,1,0,0,1,0,1,0,1,0,1,0
"M_1192",3,3,18874201,NA,NA, 38.37,2,1,1,1,0,0,0,0,0,1,0,0,0,0
"M_1193",3,3,18985660,NA,NA, 38.37,0,2,0,0,0,0,0,0,0,1,0,0,1,0
"M_1194",3,3,19032598,NA,NA, 38.94,3,1,0,0,1,1,0,1,0,0,0,0,0,1
"M_1195",3,3,19286861,NA,NA, 39.26,1,0,0,1,0,0,0,0,0,0,0,0,0,0
"M_1196",3,3,19326766,NA,NA, 39.59,0,1,0,0,0,0,0,0,0,0,0,0,0,1
"M_1197",3,3,19428323,NA,NA, 39.86,1,0,1,0,0,0,0,0,0,0,0,0,0,0
"M_1198",3,3,19210903,NA,NA, 40.52,0,2,0,0,0,0,0,0,0,1,0,0,1,0
"M_1199",3,3,19244510,NA,NA, 40.93,1,0,0,1,0,0,0,0,0,0,0,0,0,0
"M_1200",3,3,19244525,NA,NA, 41.33,1,0,0,1,0,0,0,0,0,0,0,0,0,0
"M_1201",3,3,19701720,NA,NA, 41.34,0,1,0,0,0,0,0,0,0,0,0,1,0,0
"M_1202",3,3,19724430,NA,NA, 41.34,1,0,0,0,1,0,0,0,0,0,0,0,0,0
"M_1203",3,3,19752394,NA,NA, 41.35,1,0,0,0,0,0,0,1,0,0,0,0,0,0
"M_1204",3,3,19563723,NA,NA, 41.63,1,1,0,0,0,0,1,0,0,0,0,0,0,1
"M_1206",3,3,19640139,NA,NA, 42.44,1,0,0,1,0,0,0,0,0,0,0,0,0,0
"M_1209",3,3,19428352,NA,NA, 43.96,1,0,0,0,0,0,0,1,0,0,0,0,0,0
"M_1210",3,3,19429223,NA,NA, 43.98,0,1,0,0,0,0,0,0,0,0,1,0,0,0
"M_1211",3,3,19463330,NA,NA, 45.25,1,1,0,0,0,0,1,0,0,0,0,0,0,1
"M_1212",3,3,19926222,NA,NA, 45.77,1,0,0,0,1,0,0,0,0,0,0,0,0,0
"M_1213",3,3,19979003,NA,NA, 47.20,1,0,1,0,0,0,0,0,0,0,0,0,0,0
"M_1214",3,3,19987653,NA,NA, 47.38,1,0,0,0,0,0,0,1,0,0,0,0,0,0
"M_1215",3,3,19997409,NA,NA, 47.38,1,1,0,0,0,0,0,1,0,0,0,1,0,0
"M_1216",3,3,19784094,NA,NA, 48.45,0,1,0,0,0,0,0,0,0,0,0,0,0,1
"M_1217",3,3,19809815,NA,NA, 48.67,1,0,1,0,0,0,0,0,0,0,0,0,0,0
"M_1218",3,3,19516087,NA,NA, 48.97,1,0,0,1,0,0,0,0,0,0,0,0,0,0
"M_1219",3,3,19559189,NA,NA, 49.14,0,1,0,0,0,0,0,0,0,0,1,0,0,0
"M_1220",3,3,19562136,NA,NA, 49.83,0,1,0,0,0,0,0,0,0,1,0,0,0,0
"M_1221",3,3,20162359,NA,NA, 49.85,2,0,1,0,0,0,0,1,0,0,0,0,0,0
"M_1222",3,3,20167233,NA,NA, 49.85,1,1,0,0,0,0,1,0,0,1,0,0,0,0
"M_1223",3,3,20167240,NA,NA, 49.86,1,0,0,0,0,0,0,1,0,0,0,0,0,0
"M_1224",3,3,20047666,NA,NA, 49.87,1,0,1,0,0,0,0,0,0,0,0,0,0,0
"M_1225",3,3,20047735,NA,NA, 50.60,1,0,1,0,0,0,0,0,0,0,0,0,0,0
"M_1226",3,3,20047771,NA,NA, 50.62,2,1,0,1,0,1,0,0,0,0,0,1,0,0
"M_1227",3,3,20137060,NA,NA, 50.82,1,2,0,0,1,0,0,0,0,0,1,0,0,1
"M_1228",3,3,20137092,NA,NA, 50.83,1,2,0,0,0,0,1,0,0,1,0,0,1,0
"M_1230",3,3,20155506,NA,NA, 50.83,1,0,0,0,0,0,0,1,0,0,0,0,0,0
"M_1232",3,3,20159869,NA,NA, 50.83,1,1,0,0,1,0,0,0,0,0,0,0,0,1
"M_1233",3,3,20167242,NA,NA, 51.18,1,1,0,0,1,0,0,0,0,0,0,0,0,1
"M_1234",3,3,20192926,NA,NA, 51.53,1,0,1,0,0,0,0,0,0,0,0,0,0,0
"M_1236",3,3,20221347,NA,NA, 51.54,2,2,1,0,1,0,0,0,0,0,0,0,1,1
"M_1237",3,3,20286782,NA,NA, 51.54,0,2,0,0,0,0,0,0,0,0,0,1,1,0
"M_1239",3,3,20381642,NA,NA, 52.48,2,2,0,1,1,0,0,0,1,0,0,0,0,1
"M_1240",3,3,20471034,NA,NA, 52.48,0,1,0,0,0,0,0,0,0,0,0,1,0,0
"M_1241",3,3,20471075,NA,NA, 52.84,1,1,0,0,0,0,0,1,0,0,0,1,0,0
"M_1242",3,3,20629353,NA,NA, 53.03,1,2,0,0,0,0,1,0,0,1,0,1,0,0
"M_1243",3,3,20629354,NA,NA, 53.14,1,2,0,0,0,0,1,0,0,1,0,1,0,0
"M_1244",3,3,20629896,NA,NA, 53.16,0,2,0,0,0,0,0,0,0,0,1,0,0,1
"M_1245",3,3,20617213,NA,NA, 53.45,1,0,0,0,0,0,0,1,0,0,0,0,0,0
"M_1246",3,3,20617239,NA,NA, 53.76,1,0,0,1,0,0,0,0,0,0,0,0,0,0
"M_1247",3,3,20620236,NA,NA, 53.76,3,3,0,1,1,0,0,1,1,0,1,0,0,1
"M_1248",3,3,20547947,NA,NA, 53.76,0,1,0,0,0,0,0,0,0,0,0,1,0,0
"M_1249",3,3,20549363,NA,NA, 53.76,1,1,1,0,0,0,0,0,1,0,0,0,0,0
"M_1250",3,3,20609894,NA,NA, 54.42,1,1,0,1,0,0,0,0,0,0,0,0,1,0
"M_1251",3,3,20855278,NA,NA, 54.43,0,1,0,0,0,0,0,0,1,0,0,0,0,0
"M_1252",3,3,20886045,NA,NA, 54.85,0,2,0,0,0,0,0,0,1,0,0,0,0,1
"M_1253",3,3,20886050,NA,NA, 54.85,0,1,0,0,0,0,0,0,0,0,1,0,0,0
"M_1254",3,3,20892991,NA,NA, 54.85,0,1,0,0,0,0,0,0,0,0,0,0,0,1
"M_1255",3,3,21012528,NA,NA, 55.28,1,0,0,1,0,0,0,0,0,0,0,0,0,0
"M_1256",3,3,21017510,NA,NA, 55.58,1,0,0,0,1,0,0,0,0,0,0,0,0,0
"M_1257",3,3,20757302,NA,NA, 55.58,2,1,0,0,0,1,0,1,0,0,0,0,1,0
"M_1258",3,3,20757707,NA,NA, 55.59,0,1,0,0,0,0,0,0,1,0,0,0,0,0
"M_1259",3,3,20757722,NA,NA, 55.59,4,2,0,1,1,1,0,1,0,0,0,0,1,1
"M_1260",3,3,21094473,NA,NA, 56.29,1,1,0,0,1,0,0,0,0,0,0,0,1,0
"M_1261",3,3,21150010,NA,NA, 56.47,0,1,0,0,0,0,0,0,0,0,0,1,0,0
"M_1262",3,3,21156338,NA,NA, 56.47,1,3,0,0,0,1,0,0,1,0,0,1,1,0
"M_1263",3,3,21178695,NA,NA, 56.47,1,2,0,0,1,0,0,0,0,0,0,1,1,0
"M_1264",3,3,21178698,NA,NA, 56.62,1,2,0,0,1,0,0,0,0,0,0,1,1,0
"M_1265",3,3,21249504,NA,NA, 56.62,1,0,0,1,0,0,0,0,0,0,0,0,0,0
"M_1266",3,3,21257070,NA,NA, 56.62,1,0,1,0,0,0,0,0,0,0,0,0,0,0
"M_1267",3,3,21059460,NA,NA, 57.09,1,2,0,0,1,0,0,0,0,0,1,0,1,0
"M_1268",3,3,21068591,NA,NA, 57.09,1,0,1,0,0,0,0,0,0,0,0,0,0,0
"M_1269",3,3,21068603,NA,NA, 57.09,0,1,0,0,0,0,0,0,0,0,1,0,0,0
"M_1270",3,3,21068627,NA,NA, 57.09,1,0,0,0,1,0,0,0,0,0,0,0,0,0
"M_1271",3,3,21092699,NA,NA, 57.09,1,1,0,0,1,0,0,0,0,0,0,1,0,0
"M_1272",3,3,21092709,NA,NA, 57.57,1,0,0,0,1,0,0,0,0,0,0,0,0,0
"M_1273",3,3,21393437,NA,NA, 57.57,1,1,0,1,0,0,0,0,0,0,0,0,0,1
"M_1274",3,3,21393445,NA,NA, 57.57,2,0,0,0,1,0,0,1,0,0,0,0,0,0
"M_1275",3,3,21434045,NA,NA, 57.57,1,0,0,0,0,0,0,1,0,0,0,0,0,0
"M_1276",3,3,21287372,NA,NA, 57.57,1,0,1,0,0,0,0,0,0,0,0,0,0,0
"M_1278",3,3,21349568,NA,NA, 57.77,2,0,1,0,1,0,0,0,0,0,0,0,0,0
"M_1279",3,3,21434826,NA,NA, 57.78,1,1,0,0,0,0,1,0,0,1,0,0,0,0
"M_1281",3,3,21491747,NA,NA, 57.98,1,0,1,0,0,0,0,0,0,0,0,0,0,0
"M_1282",3,3,21349572,NA,NA, 57.98,1,1,0,0,0,0,0,1,0,0,0,0,0,1
"M_1283",3,3,21383470,NA,NA, 58.23,2,1,1,1,0,0,0,0,0,0,0,0,0,1
"M_1284",3,3,21383472,NA,NA, 58.23,1,1,0,0,0,1,0,0,1,0,0,0,0,0
"M_1285",3,3,21491748,NA,NA, 58.52,1,0,1,0,0,0,0,0,0,0,0,0,0,0
"M_1286",3,3,21491750,NA,NA, 58.52,2,0,1,0,0,1,0,0,0,0,0,0,0,0
"M_1287",3,3,21491753,NA,NA, 58.52,1,0,0,0,0,0,0,1,0,0,0,0,0,0
"M_1288",3,3,21491776,NA,NA, 58.56,1,0,0,0,0,1,0,0,0,0,0,0,0,0
"M_1289",3,3,21521743,NA,NA, 58.72,1,0,0,0,0,0,0,1,0,0,0,0,0,0
"M_1290",3,3,21545215,NA,NA, 58.72,4,2,1,1,0,1,1,0,0,1,0,1,0,0
"M_1291",3,3,21773578,NA,NA, 59.44,4,2,0,1,1,1,1,0,0,1,1,0,0,0
"M_1292",3,3,21773580,NA,NA, 59.44,0,4,0,0,0,0,0,0,1,0,0,1,1,1
"M_1293",3,3,21773599,NA,NA, 59.95,4,2,0,1,1,1,1,0,0,1,1,0,0,0
"M_1294",3,3,21796922,NA,NA, 59.95,1,0,0,0,0,1,0,0,0,0,0,0,0,0
"M_1295",3,3,22300623,NA,NA, 61.28,0,3,0,0,0,0,0,0,0,0,1,0,1,1
"M_1297",3,3,22300682,NA,NA, 61.46,0,3,0,0,0,0,0,0,0,0,1,0,1,1
"M_1298",3,3,21750512,NA,NA, 61.82,2,1,0,1,1,0,0,0,0,0,1,0,0,0
"M_1299",3,3,21773576,NA,NA, 61.90,0,4,0,0,0,0,0,0,1,0,0,1,1,1
"M_1300",3,3,21729213,NA,NA, 61.99,1,0,1,0,0,0,0,0,0,0,0,0,0,0
"M_1301",3,3,21729239,NA,NA, 62.33,1,0,0,0,0,0,0,1,0,0,0,0,0,0
"M_1303",3,3,21735023,NA,NA, 62.36,3,2,0,0,0,1,1,1,0,1,0,0,1,0
"M_1304",3,3,21735112,NA,NA, 62.36,0,1,0,0,0,0,0,0,0,0,0,1,0,0
"M_1306",3,3,21655679,NA,NA, 62.36,0,1,0,0,0,0,0,0,1,0,0,0,0,0
"M_1307",3,3,21705537,NA,NA, 62.80,0,1,0,0,0,0,0,0,0,0,0,0,0,1
"M_1309",3,3,21545228,NA,NA, 62.89,0,1,0,0,0,0,0,0,0,0,1,0,0,0
"M_1310",3,3,21545231,NA,NA, 62.91,1,1,0,0,0,0,0,1,0,0,0,0,0,1
"M_1311",3,3,21571730,NA,NA, 63.13,1,0,1,0,0,0,0,0,0,0,0,0,0,0
"M_1313",3,3,21864849,NA,NA, 63.15,2,1,0,0,0,1,1,0,0,1,0,0,0,0
"M_1314",3,3,21864865,NA,NA, 63.51,0,1,0,0,0,0,0,0,1,0,0,0,0,0
"M_1315",3,3,21865309,NA,NA, 63.52,0,1,0,0,0,0,0,0,0,0,0,1,0,0
"M_1317",3,3,21640792,NA,NA, 64.15,0,1,0,0,0,0,0,0,0,0,0,0,0,1
"M_1319",3,3,21830984,NA,NA, 64.67,1,1,0,0,0,0,1,0,0,1,0,0,0,0
"M_1320",3,3,21843686,NA,NA, 64.69,2,1,0,1,1,0,0,0,0,0,1,0,0,0
"M_1321",3,3,21864830,NA,NA, 65.82,0,1,0,0,0,0,0,0,0,0,0,1,0,0
"M_1322",3,3,22052894,NA,NA, 65.97,0,1,0,0,0,0,0,0,0,1,0,0,0,0
"M_1323",3,3,22057154,NA,NA, 66.08,3,0,1,1,0,1,0,0,0,0,0,0,0,0
"M_1324",3,3,22057183,NA,NA, 66.81,2,0,0,0,1,0,0,1,0,0,0,0,0,0
"M_1325",3,3,22353778,NA,NA, 66.81,0,2,0,0,0,0,0,0,1,0,0,1,0,0
"M_1326",3,3,22353813,NA,NA, 66.81,2,2,0,0,1,0,0,1,1,0,0,1,0,0
"M_1327",3,3,22353817,NA,NA, 66.99,2,0,0,0,1,0,0,1,0,0,0,0,0,0
"M_1328",3,3,22294899,NA,NA, 67.00,2,0,0,1,0,1,0,0,0,0,0,0,0,0
"M_1329",3,3,22299834,NA,NA, 67.14,2,2,0,1,0,1,0,0,1,0,0,1,0,0
"M_1330",3,3,22299846,NA,NA, 67.14,1,0,1,0,0,0,0,0,0,0,0,0,0,0
"M_1331",3,3,22139080,NA,NA, 67.27,0,1,0,0,0,0,0,0,1,0,0,0,0,0
"M_1333",3,3,22150703,NA,NA, 67.27,2,0,0,1,0,1,0,0,0,0,0,0,0,0
"M_1334",3,3,22224174,NA,NA, 67.27,0,1,0,0,0,0,0,0,0,0,0,1,0,0
"M_1335",3,3,22224212,NA,NA, 67.28,0,1,0,0,0,0,0,0,0,0,1,0,0,0
"M_1336",3,3,22252881,NA,NA, 68.46,0,1,0,0,0,0,0,0,0,0,0,1,0,0
"M_1337",3,3,22414413,NA,NA, 68.69,0,1,0,0,0,0,0,0,0,0,0,0,0,1
"M_1338",3,3,22414441,NA,NA, 68.98,1,2,0,0,0,0,1,0,1,0,0,1,0,0
"M_1339",3,3,22512993,NA,NA, 69.63,2,0,0,1,0,1,0,0,0,0,0,0,0,0
"M_1340",3,3,22525695,NA,NA, 69.89,0,2,0,0,0,0,0,0,0,0,0,0,1,1
"M_1341",3,3,22569310,NA,NA, 69.90,2,0,0,0,1,0,0,1,0,0,0,0,0,0
"M_1342",3,3,22616536,NA,NA, 69.95,2,1,0,1,0,1,0,0,0,0,0,0,0,1
"M_1343",3,3,22616547,NA,NA, 70.12,4,2,0,1,1,1,0,1,1,0,0,0,0,1
"M_1344",3,3,22362739,NA,NA, 70.16,2,0,0,0,1,0,0,1,0,0,0,0,0,0
"M_1345",3,3,22389846,NA,NA, 70.53,0,1,0,0,0,0,0,0,0,0,1,0,0,0
"M_1346",3,3,22408796,NA,NA, 71.09,0,2,0,0,0,0,0,0,0,1,1,0,0,0
"M_1347",3,3,22792927,NA,NA, 72.05,2,0,0,0,1,0,0,1,0,0,0,0,0,0
"M_1348",3,3,22792960,NA,NA, 72.05,1,3,0,0,0,0,1,0,0,0,1,1,1,0
"M_1349",3,3,22722162,NA,NA, 72.50,1,1,1,0,0,0,0,0,1,0,0,0,0,0
"M_1350",3,3,22722190,NA,NA, 72.50,1,4,0,0,0,0,1,0,0,1,1,1,1,0
"M_1351",3,3,22740296,NA,NA, 72.52,2,2,0,1,0,1,0,0,0,1,0,0,1,0
"M_1352",3,3,22821557,NA,NA, 73.39,1,2,0,0,0,0,1,0,0,0,1,0,0,1
"M_1353",3,3,22856634,NA,NA, 73.57,1,3,0,1,0,0,0,0,0,1,1,0,1,0
"M_1354",3,3,22884637,NA,NA, 73.57,2,1,0,0,1,0,0,1,0,0,0,1,0,0
"M_1355",3,3,22920179,NA,NA, 73.57,1,0,0,0,0,1,0,0,0,0,0,0,0,0
"M_1356",3,3,22954655,NA,NA, 73.58,2,1,0,1,0,1,0,0,0,0,0,0,1,0
"M_1357",3,3,22954675,NA,NA, 74.06,1,0,0,0,0,1,0,0,0,0,0,0,0,0
"M_1358",3,3,22991438,NA,NA, 74.66,1,0,0,1,0,0,0,0,0,0,0,0,0,0
"M_1359",3,3,23010512,NA,NA, 74.72,2,3,1,1,0,0,0,0,0,1,1,0,1,0
"M_1360",3,3,23101234,NA,NA, 74.98,1,0,0,0,0,0,1,0,0,0,0,0,0,0
"M_1361",3,3,23277580,NA,NA, 75.04,0,2,0,0,0,0,0,0,1,0,0,1,0,0
"M_1362",3,3,23280443,NA,NA, 75.45,1,0,1,0,0,0,0,0,0,0,0,0,0,0
"M_1363",3,3,23281013,NA,NA, 75.45,2,0,1,0,0,1,0,0,0,0,0,0,0,0
"M_1364",3,3,23102571,NA,NA, 75.45,0,1,0,0,0,0,0,0,0,0,0,0,0,1
"M_1366",3,3,23136380,NA,NA, 75.59,0,1,0,0,0,0,0,0,0,0,0,1,0,0
"M_1368",3,3,23277529,NA,NA, 75.60,0,2,0,0,0,0,0,0,1,0,0,1,0,0
"M_1369",3,3,23277562,NA,NA, 76.41,0,2,0,0,0,0,0,0,0,1,1,0,0,0
"M_1370",3,3,23155826,NA,NA, 76.41,0,1,0,0,0,0,0,0,0,0,0,0,0,1
"M_1371",3,3,23155894,NA,NA, 76.41,3,2,0,0,1,0,1,1,0,0,0,1,0,1
"M_1372",3,3,23179226,NA,NA, 76.66,2,0,0,0,1,0,0,1,0,0,0,0,0,0
"M_1373",3,3,23269576,NA,NA, 76.75,0,1,0,0,0,0,0,0,0,0,0,1,0,0
"M_1374",3,3,23461088,NA,NA, 77.18,3,1,1,1,0,0,0,1,0,0,1,0,0,0
"M_1375",3,3,23465258,NA,NA, 77.41,3,2,1,1,0,0,0,1,0,0,1,1,0,0
"M_1376",3,3,23465307,NA,NA, 78.28,3,2,0,0,1,1,1,0,1,0,0,0,1,0
"M_1377",3,3,24033846,NA,NA, 78.28,1,3,0,0,1,0,0,0,1,0,0,1,1,0
"M_1379",3,3,24064680,NA,NA, 78.30,0,1,0,0,0,0,0,0,0,0,0,1,0,0
"M_1380",3,3,23686382,NA,NA, 78.56,0,1,0,0,0,0,0,0,0,0,1,0,0,0
"M_1382",3,3,23711840,NA,NA, 78.71,0,2,0,0,0,0,0,0,0,1,0,0,0,1
"M_1383",3,3,24497036,NA,NA, 78.85,2,0,0,1,0,0,0,1,0,0,0,0,0,0
"M_1384",3,3,24503628,NA,NA, 78.87,0,3,0,0,0,0,0,0,0,1,0,0,1,1
"M_1385",3,3,24507931,NA,NA, 79.17,2,0,0,1,0,0,0,1,0,0,0,0,0,0
"M_1386",3,3,23917583,NA,NA, 79.62,0,3,0,0,0,0,0,0,0,1,1,0,0,1
"M_1387",3,3,23926586,NA,NA, 79.62,0,1,0,0,0,0,0,0,0,0,1,0,0,0
"M_1389",3,3,24888799,NA,NA, 80.00,0,1,0,0,0,0,0,0,0,0,1,0,0,0
"M_1390",3,3,24902304,NA,NA, 80.16,1,0,0,0,0,0,1,0,0,0,0,0,0,0
"M_1392",3,3,23877795,NA,NA, 80.85,1,2,0,0,1,0,0,0,1,0,0,1,0,0
"M_1393",3,3,23880501,NA,NA, 80.85,0,1,0,0,0,0,0,0,0,0,1,0,0,0
"M_1394",3,3,23880514,NA,NA, 80.85,0,2,0,0,0,0,0,0,0,0,1,0,1,0
"M_1395",3,3,23545124,NA,NA, 81.63,1,0,0,1,0,0,0,0,0,0,0,0,0,0
"M_1397",3,3,23560549,NA,NA, 81.63,1,0,0,0,0,1,0,0,0,0,0,0,0,0
"M_1398",3,3,23829103,NA,NA, 81.63,0,1,0,0,0,0,0,0,0,0,0,1,0,0
"M_1399",3,3,23836372,NA,NA, 81.63,1,5,0,0,1,0,0,0,1,1,0,1,1,1
"M_1400",3,3,23836388,NA,NA, 81.63,5,1,1,1,0,1,1,1,0,0,1,0,0,0
"M_1401",3,3,23876241,NA,NA, 82.05,1,2,0,0,1,0,0,0,1,0,0,1,0,0
"M_1402",3,3,23427627,NA,NA, 82.88,1,0,1,0,0,0,0,0,0,0,0,0,0,0
"M_1403",3,3,23427644,NA,NA, 82.88,3,1,0,1,0,1,0,1,0,0,0,1,0,0
"M_1404",3,3,23435325,NA,NA, 82.96,0,1,0,0,0,0,0,0,0,0,1,0,0,0
"M_1405",3,3,23361425,NA,NA, 82.96,2,1,0,0,1,0,0,1,0,0,0,1,0,0
"M_1406",3,3,23361427,NA,NA, 83.27,1,0,0,0,0,1,0,0,0,0,0,0,0,0
"M_1407",3,3,23385720,NA,NA, 83.28,2,2,0,1,0,1,0,0,0,1,0,0,0,1
"M_1408",3,3,23584043,NA,NA, 83.73,0,1,0,0,0,0,0,0,0,0,1,0,0,0
"M_1409",3,3,23621817,NA,NA, 83.74,3,2,0,0,1,1,1,0,1,0,0,1,0,0
"M_1410",3,3,23661702,NA,NA, 83.74,0,2,0,0,0,0,0,0,1,0,1,0,0,0
"M_1411",3,3,23711937,NA,NA, 83.74,2,0,0,1,0,0,0,1,0,0,0,0,0,0
"M_1412",3,3,23785342,NA,NA, 84.32,0,1,0,0,0,0,0,0,0,0,1,0,0,0
"M_1413",3,3,23825548,NA,NA, 85.91,5,0,1,1,0,1,1,1,0,0,0,0,0,0
"M_1414",3,3,24665624,NA,NA, 86.12,0,2,0,0,0,0,0,0,0,1,0,0,0,1
"M_1415",3,3,24742016,NA,NA, 86.47,3,0,0,1,1,0,0,1,0,0,0,0,0,0
"M_1416",3,3,24756106,NA,NA, 86.47,3,2,0,1,1,0,0,1,0,1,0,0,0,1
"M_1417",3,3,24449230,NA,NA, 86.88,1,1,0,0,1,0,0,0,1,0,0,0,0,0
"M_1418",3,3,24476588,NA,NA, 86.88,0,1,0,0,0,0,0,0,0,0,0,1,0,0
"M_1419",3,3,24479679,NA,NA, 86.89,0,2,0,0,0,0,0,0,0,1,0,0,0,1
"M_1420",3,3,25147595,NA,NA, 87.20,1,0,0,0,1,0,0,0,0,0,0,0,0,0
"M_1422",3,3,25147697,NA,NA, 87.44,1,0,0,0,0,0,1,0,0,0,0,0,0,0
"M_1423",3,3,24541283,NA,NA, 87.51,2,3,0,1,0,0,0,1,0,1,0,0,1,1
"M_1424",3,3,24541309,NA,NA, 87.51,1,0,0,0,1,0,0,0,0,0,0,0,0,0
"M_1425",3,3,24544593,NA,NA, 87.52,0,2,0,0,0,0,0,0,0,0,1,1,0,0
"M_1426",3,3,23661716,NA,NA, 88.46,2,0,0,1,0,0,0,1,0,0,0,0,0,0
"M_1427",3,3,23672810,NA,NA, 88.70,4,1,1,0,1,1,1,0,0,0,0,1,0,0
"M_1428",3,3,23674527,NA,NA, 89.33,2,1,0,1,0,0,0,1,0,0,1,0,0,0
"M_1429",3,3,23674563,NA,NA, 89.36,0,1,0,0,0,0,0,0,1,0,0,0,0,0
"M_1430",3,3,23503022,NA,NA, 89.37,2,1,0,0,1,1,0,0,0,0,0,1,0,0
"M_1431",3,3,23503052,NA,NA, 89.46,1,0,0,0,0,0,0,1,0,0,0,0,0,0
"M_1432",3,3,23503067,NA,NA, 91.35,1,2,0,0,0,0,1,0,1,0,0,0,1,0
"M_1433",3,3,24837431,NA,NA, 91.95,3,2,1,0,0,1,1,0,1,0,0,1,0,0
"M_1434",3,3,24838053,NA,NA, 91.95,2,2,0,1,0,0,0,1,0,1,0,0,0,1
"M_1435",3,3,24838096,NA,NA, 92.03,2,3,0,1,0,0,0,1,0,1,1,0,0,1
"M_1436",3,3,24544635,NA,NA, 92.03,0,5,0,0,0,0,0,0,0,1,1,1,1,1
"M_1437",3,3,24570215,NA,NA, 92.51,2,0,0,1,0,0,0,1,0,0,0,0,0,0
"M_1438",3,3,24591680,NA,NA, 92.68,1,1,0,0,1,0,0,0,1,0,0,0,0,0
"M_1439",3,3,24155167,NA,NA, 92.68,3,0,1,0,0,1,1,0,0,0,0,0,0,0
"M_1440",3,3,24158795,NA,NA, 92.88,4,2,1,0,1,1,1,0,1,0,1,0,0,0
"M_1441",3,3,25363436,NA,NA, 92.93,1,3,0,0,0,0,1,0,0,1,1,0,0,1
"M_1442",3,3,25363467,NA,NA, 92.93,2,3,1,0,0,1,0,0,1,0,0,1,1,0
"M_1443",3,3,25369723,NA,NA, 93.35,1,0,0,0,1,0,0,0,0,0,0,0,0,0
"M_1444",3,3,25369730,NA,NA, 93.35,2,0,0,1,0,0,0,1,0,0,0,0,0,0
"M_1445",3,3,24368767,NA,NA, 93.35,1,1,0,0,1,0,0,0,1,0,0,0,0,0
"M_1446",3,3,24388949,NA,NA, 93.37,2,1,0,1,0,0,0,1,0,0,1,0,0,0
"M_1447",3,3,24395911,NA,NA, 93.37,3,0,1,0,0,1,1,0,0,0,0,0,0,0
"M_1448",3,3,24841770,NA,NA, 93.61,2,3,1,0,0,1,0,0,1,0,1,1,0,0
"M_1449",3,3,24847681,NA,NA, 93.62,1,0,0,0,0,0,1,0,0,0,0,0,0,0
"M_1450",3,3,24848562,NA,NA, 93.95,2,2,0,1,0,0,0,1,0,1,0,0,0,1
"M_1451",3,3,25393503,NA,NA, 94.41,0,1,0,0,0,0,0,0,0,0,1,0,0,0
"M_1452",3,3,24513473,NA,NA, 94.41,1,0,0,0,1,0,0,0,0,0,0,0,0,0
"M_1453",3,3,24521858,NA,NA, 94.41,0,2,0,0,0,0,0,0,0,1,0,0,0,1
"M_1454",3,3,24521898,NA,NA, 94.41,4,1,1,0,1,1,1,0,1,0,0,0,0,0
"M_1455",3,3,24081923,NA,NA, 94.42,2,0,0,1,0,0,0,1,0,0,0,0,0,0
"M_1456",3,3,24136268,NA,NA, 95.81,0,2,0,0,0,0,0,0,0,0,0,1,1,0
"M_1457",3,3,24136277,NA,NA, 95.82,0,1,0,0,0,0,0,0,0,0,0,1,0,0
"M_1458",3,3,24591689,NA,NA, 96.38,0,1,0,0,0,0,0,0,1,0,0,0,0,0
"M_1459",3,3,24661401,NA,NA, 96.45,3,0,0,1,1,0,0,1,0,0,0,0,0,0
"M_1461",3,3,25078421,NA,NA, 97.15,1,1,0,0,1,0,0,0,0,0,1,0,0,0
"M_1462",3,3,25078424,NA,NA, 97.15,1,0,0,0,0,0,1,0,0,0,0,0,0,0
"M_1463",3,3,25098746,NA,NA, 97.15,0,1,0,0,0,0,0,0,0,0,1,0,0,0
"M_1464",3,3,25239153,NA,NA, 97.18,1,0,0,0,1,0,0,0,0,0,0,0,0,0
"M_1465",3,3,25239168,NA,NA, 97.40,3,2,0,1,1,0,0,1,0,0,1,0,1,0
"M_1466",3,3,25315320,NA,NA, 97.74,0,1,0,0,0,0,0,0,0,0,1,0,0,0
"M_1468",3,3,25156663,NA,NA, 98.43,0,1,0,0,0,0,0,0,0,0,0,1,0,0
"M_1469",3,3,25205120,NA,NA, 98.43,1,0,0,0,0,0,1,0,0,0,0,0,0,0
"M_1470",3,3,24880523,NA,NA, 98.43,2,1,0,0,1,0,1,0,0,0,0,0,1,0
"M_1471",3,3,24880526,NA,NA, 98.43,2,2,1,0,0,1,0,0,1,0,0,1,0,0
"M_1472",3,3,24880532,NA,NA, 98.43,2,2,0,1,0,0,0,1,0,1,0,0,0,1
"M_1473",3,3,25210869,NA,NA, 98.43,2,4,0,0,1,0,1,0,0,1,1,0,1,1
"M_1474",3,3,25211526,NA,NA, 98.84,1,2,0,0,1,0,0,0,0,1,0,0,0,1
"M_1475",3,3,25225059,NA,NA, 98.84,1,0,0,0,0,0,1,0,0,0,0,0,0,0
"M_1476",3,3,24848589,NA,NA, 98.84,2,2,0,1,0,0,0,1,0,1,0,0,0,1
"M_1477",3,3,24848596,NA,NA, 98.85,0,1,0,0,0,0,0,0,0,0,1,0,0,0
"M_1478",3,3,24848599,NA,NA, 99.17,2,2,0,1,0,0,0,1,0,1,0,0,0,1
"M_1479",3,3,25492658,NA,NA, 99.34,0,3,0,0,0,0,0,0,0,1,0,0,1,1
"M_1480",3,3,25513861,NA,NA, 99.34,0,2,0,0,0,0,0,0,0,1,0,0,0,1
"M_1481",3,3,25585190,NA,NA, 99.47,2,0,1,0,0,1,0,0,0,0,0,0,0,0
"M_1482",3,3,24321613,NA,NA, 99.47,2,2,0,1,0,0,0,1,0,1,0,0,0,1
"M_1483",3,3,24358690,NA,NA, 99.47,1,2,0,0,1,0,0,0,1,0,0,1,0,0
"M_1484",3,3,24367056,NA,NA,100.04,0,1,0,0,0,0,0,0,0,0,0,1,0,0
"M_1485",3,3,24799909,NA,NA,100.15,1,0,0,0,1,0,0,0,0,0,0,0,0,0
"M_1486",3,3,24824771,NA,NA,100.15,1,1,0,0,1,0,0,0,0,0,0,0,1,0
"M_1487",3,3,24826626,NA,NA,100.31,2,2,0,1,0,0,0,1,0,1,0,0,0,1
"M_1488",3,3,24907239,NA,NA,100.31,1,0,0,0,0,0,1,0,0,0,0,0,0,0
"M_1489",3,3,24958306,NA,NA,100.36,0,1,0,0,0,0,0,0,0,0,1,0,0,0
"M_1491",3,3,25409374,NA,NA,100.58,4,2,0,1,1,0,1,1,0,1,0,0,0,1
"M_1492",3,3,25429458,NA,NA,100.58,2,0,1,0,0,1,0,0,0,0,0,0,0,0
"M_1493",3,3,25433617,NA,NA,101.00,1,0,0,0,0,0,1,0,0,0,0,0,0,0
"M_1494",3,3,25372149,NA,NA,101.00,2,0,0,1,0,0,0,1,0,0,0,0,0,0
"M_1497",3,3,25604952,NA,NA,101.03,0,2,0,0,0,0,0,0,0,1,0,0,0,1
"M_1498",3,3,25653301,NA,NA,101.22,0,1,0,0,0,0,0,0,0,0,1,0,0,0
"M_1499",3,3,25666535,NA,NA,102.28,1,0,0,0,0,0,1,0,0,0,0,0,0,0
"M_1500",3,3,25670463,NA,NA,102.95,1,0,0,0,0,0,1,0,0,0,0,0,0,0
