"";"P.h1";"P.h2";"P.h3";"P.h4";"P.h5";"P.h6"
"M_1";1;0;0;0;0;0
"M_2";0;0;1;0;0;0
"M_3";0;0;1;0;1;0
"M_4";0;0;0;0;0;1
"M_5";0;0;0;0;0;1
"M_6";0;0;0;0;0;1
"M_7";0;1;1;0;0;0
"M_8";1;0;0;0;0;0
"M_9";0;1;0;0;0;0
"M_10";1;0;1;0;0;0
"M_11";0;1;0;0;0;0
"M_12";0;1;1;0;0;0
"M_13";0;0;1;0;0;1
"M_14";0;1;0;0;1;0
"M_15";0;0;0;1;0;0
"M_16";0;0;0;0;0;0
"M_17";0;1;0;0;0;0
"M_18";0;1;0;0;0;0
"M_19";0;0;0;0;1;0
"M_20";0;1;0;0;0;0
"M_21";0;0;0;1;1;1
"M_22";1;0;0;0;0;0
"M_23";0;0;1;0;0;0
"M_24";0;0;0;1;0;0
"M_25";0;1;1;0;0;0
"M_26";0;0;0;1;0;0
"M_27";1;1;0;0;1;0
"M_28";0;0;0;0;0;1
"M_29";0;0;0;0;0;1
"M_30";0;0;0;0;0;0
"M_31";0;0;1;1;0;0
"M_32";0;0;0;0;0;0
"M_33";0;0;0;0;0;1
"M_34";0;1;0;0;0;0
"M_35";0;0;1;0;0;0
"M_36";0;0;1;0;0;0
"M_37";0;0;0;0;0;0
"M_38";0;0;0;0;1;0
"M_39";0;0;0;1;0;1
"M_40";0;1;0;0;0;1
"M_41";0;1;0;0;0;0
"M_42";0;0;0;0;0;1
"M_43";0;0;0;0;0;1
"M_44";0;0;0;0;0;0
"M_45";0;0;0;1;0;0
"M_46";0;1;0;0;0;0
"M_47";0;0;0;0;0;1
"M_48";0;0;0;0;0;0
"M_49";0;0;0;0;0;1
"M_50";0;0;0;1;0;0
"M_51";0;0;0;0;0;0
"M_52";0;0;1;0;0;0
"M_53";1;0;0;1;1;0
"M_54";0;1;0;0;0;1
"M_55";0;0;1;0;0;0
"M_56";1;0;0;0;1;0
"M_57";0;0;0;0;0;0
"M_58";0;0;1;0;0;0
"M_59";0;0;0;0;0;1
"M_60";0;0;0;0;0;1
"M_61";0;1;0;0;0;0
"M_62";0;0;0;0;0;0
"M_63";0;0;0;0;0;1
"M_64";0;1;0;1;0;0
"M_65";0;1;0;1;0;0
"M_66";0;0;0;0;0;1
"M_67";0;0;0;0;0;0
"M_68";0;0;1;0;0;0
"M_69";0;0;0;0;0;0
"M_70";0;1;0;0;0;0
"M_71";0;0;0;0;0;1
"M_72";0;0;1;0;0;0
"M_73";0;0;1;0;0;0
"M_74";0;0;0;0;0;0
"M_75";0;1;0;0;0;1
"M_76";0;1;0;0;0;0
"M_77";0;0;0;0;0;0
"M_78";0;0;0;0;0;0
"M_79";1;0;0;0;1;0
"M_80";0;0;0;0;0;1
"M_81";0;1;0;0;0;1
"M_82";1;0;0;0;1;0
"M_83";0;1;0;0;0;0
"M_84";1;0;1;0;1;0
"M_85";0;0;0;0;0;0
"M_86";1;0;1;0;1;0
"M_87";0;1;0;0;0;1
"M_88";0;0;0;0;0;0
"M_89";0;0;0;0;0;0
"M_90";0;1;1;0;0;1
"M_91";1;0;0;1;1;0
"M_92";0;0;0;0;0;0
"M_93";0;0;1;0;0;0
"M_94";1;0;0;0;1;0
"M_95";0;1;0;0;0;0
"M_96";1;0;0;0;1;0
"M_97";0;0;0;0;0;0
"M_98";0;1;1;0;0;0
"M_99";0;0;0;1;0;1
"M_100";0;0;0;1;0;1
"M_101";0;0;0;0;0;0
"M_102";0;0;1;0;0;0
"M_103";0;0;1;0;0;1
"M_104";0;0;0;0;0;0
"M_105";1;0;0;0;1;0
"M_106";0;1;0;0;0;1
"M_107";0;0;0;0;0;0
"M_108";0;0;1;0;0;0
"M_109";0;0;0;1;0;0
"M_110";0;0;1;0;0;0
"M_111";0;0;0;0;0;0
"M_112";0;0;0;0;0;0
"M_113";0;0;0;1;0;1
"M_114";0;0;1;0;0;0
"M_115";0;0;1;0;0;0
"M_116";0;0;0;0;0;0
"M_117";1;0;0;0;1;0
"M_118";0;0;0;0;0;0
"M_119";0;1;0;0;0;0
"M_120";0;0;0;0;0;0
"M_121";0;0;0;1;0;0
"M_122";0;0;0;0;0;0
"M_123";0;0;0;0;0;0
"M_124";1;0;0;0;1;0
"M_125";0;1;0;0;0;0
"M_126";0;0;0;1;0;0
"M_127";0;0;0;0;0;0
"M_128";0;0;0;0;0;0
"M_129";0;0;1;0;0;0
"M_130";0;0;0;0;0;0
"M_131";0;1;1;0;0;1
"M_132";0;0;1;0;0;0
"M_133";1;0;0;0;1;0
"M_134";0;0;0;1;0;0
"M_135";0;0;0;0;0;0
"M_136";0;0;0;0;0;0
"M_137";0;0;1;0;0;1
"M_138";0;1;0;0;0;0
"M_139";0;1;0;0;0;0
"M_140";0;0;0;1;0;0
"M_141";0;1;0;0;0;0
"M_142";1;0;0;0;1;0
"M_143";0;0;0;1;0;0
"M_144";0;1;0;0;0;0
"M_145";0;1;0;0;0;0
"M_146";0;1;0;0;0;0
"M_147";0;0;0;0;0;0
"M_148";0;0;0;0;0;0
"M_149";0;0;0;0;0;0
"M_150";0;0;0;0;0;0
"M_151";1;0;0;0;1;0
"M_152";0;0;0;0;0;0
"M_153";0;1;0;0;0;0
"M_154";0;0;0;0;0;0
"M_155";0;0;0;0;0;0
"M_156";0;0;0;1;0;0
"M_157";1;1;0;0;1;0
"M_158";0;1;0;0;0;0
"M_159";0;1;0;0;0;0
"M_160";0;0;0;0;0;0
"M_161";0;0;0;0;0;0
"M_162";1;0;0;0;1;0
"M_163";0;0;0;0;0;0
"M_164";0;0;0;1;0;0
"M_165";0;1;0;0;0;0
"M_166";0;0;1;0;0;0
"M_167";0;0;1;0;0;0
"M_168";0;0;0;0;0;1
"M_169";0;1;0;0;0;0
"M_170";0;0;1;0;0;1
"M_171";0;0;0;0;0;0
"M_172";0;0;0;0;0;0
"M_173";0;0;1;0;0;0
"M_174";0;0;1;0;0;0
"M_175";0;0;0;0;0;0
"M_176";0;0;0;0;0;0
"M_177";0;0;1;0;0;1
"M_178";0;1;0;0;0;0
"M_179";0;0;0;0;0;0
"M_180";0;0;1;0;0;1
"M_181";0;0;0;0;0;0
"M_182";0;0;0;0;0;0
"M_183";0;0;0;1;0;0
"M_184";0;0;1;0;0;1
"M_185";0;1;0;0;0;0
"M_186";0;1;0;0;0;0
"M_187";1;0;0;1;1;0
"M_188";1;0;0;0;1;0
"M_189";0;0;0;0;0;0
"M_190";0;0;1;0;0;1
"M_191";0;0;0;0;0;0
"M_192";1;0;0;1;1;0
"M_193";0;1;0;1;0;0
"M_194";1;0;0;0;1;0
"M_195";0;0;0;0;0;0
"M_196";0;0;0;1;0;0
"M_197";0;0;0;0;0;0
"M_198";0;0;0;1;0;0
"M_199";1;0;0;0;1;0
"M_200";0;0;1;0;0;1
"M_201";0;0;0;0;0;0
"M_202";0;0;0;0;0;0
"M_203";0;0;0;1;0;0
"M_204";0;0;0;0;0;0
"M_205";1;0;0;0;1;0
"M_206";0;0;0;0;0;0
"M_207";0;0;0;1;0;0
"M_208";1;0;0;1;1;0
"M_209";0;0;0;0;0;0
"M_210";0;0;1;1;0;1
"M_211";0;0;0;1;0;0
"M_212";0;0;0;0;0;0
"M_213";1;0;0;0;1;0
"M_214";0;0;0;0;0;0
"M_215";0;1;0;0;0;0
"M_216";0;0;0;1;0;1
"M_217";0;0;0;0;0;0
"M_218";0;0;0;0;0;0
"M_219";0;0;1;0;0;0
"M_220";0;0;0;0;0;0
"M_221";0;0;0;0;0;0
"M_222";0;0;0;0;0;0
"M_223";0;1;0;0;0;0
"M_224";0;1;0;0;0;0
"M_225";0;1;0;0;0;0
"M_226";0;0;0;0;0;0
"M_227";0;0;0;0;0;0
"M_228";0;0;0;0;0;0
"M_229";0;0;1;0;0;0
"M_230";0;0;0;0;0;0
"M_231";0;0;0;0;0;0
"M_232";0;0;0;0;0;0
"M_233";1;0;0;0;1;0
"M_234";0;0;0;0;0;0
"M_235";0;0;0;0;0;1
"M_236";0;0;0;0;0;0
"M_237";0;1;0;0;0;1
"M_238";0;1;0;0;0;0
"M_239";1;0;1;0;0;1
"M_240";0;0;0;0;0;1
"M_241";0;0;0;0;0;1
"M_242";0;0;0;1;0;0
"M_243";0;1;0;0;0;0
"M_244";0;1;0;0;1;0
"M_245";0;0;0;0;0;0
"M_246";0;0;0;0;0;0
"M_247";0;0;0;0;0;0
"M_248";0;1;0;0;0;0
"M_249";0;1;0;0;0;0
"M_250";0;1;0;0;0;0
"M_251";0;1;0;0;1;0
"M_252";0;0;0;0;0;0
"M_253";0;0;0;0;0;0
"M_254";0;0;1;0;1;0
"M_255";1;0;0;1;0;0
"M_256";1;0;0;1;0;0
"M_257";0;0;1;0;0;0
"M_258";0;0;1;0;0;0
"M_259";1;0;0;1;0;0
"M_260";0;1;0;0;0;0
"M_261";0;0;1;0;0;0
"M_262";0;0;1;1;0;0
"M_263";0;0;0;0;0;1
"M_264";0;0;0;1;0;0
"M_265";0;0;0;0;0;0
"M_266";0;0;1;0;1;0
"M_267";0;0;0;0;0;0
"M_268";0;0;0;0;0;1
"M_269";0;0;0;1;0;0
"M_270";0;0;0;0;0;0
"M_271";0;0;0;1;1;1
"M_272";0;0;1;0;0;0
"M_273";0;0;0;0;0;0
"M_274";0;0;1;0;0;0
"M_275";0;0;0;0;0;1
"M_276";0;0;1;0;0;0
"M_277";0;0;0;1;0;0
"M_278";0;0;0;1;1;0
"M_279";0;0;0;0;0;0
"M_280";0;0;0;0;0;1
"M_281";1;1;0;1;0;0
"M_282";0;0;0;0;1;0
"M_283";0;0;1;0;0;0
"M_284";0;0;1;0;0;0
"M_285";0;0;0;1;0;0
"M_286";0;0;1;0;0;0
"M_287";0;0;0;0;0;1
"M_288";0;0;0;0;0;0
"M_289";0;0;0;0;0;1
"M_290";0;0;1;0;0;0
"M_291";0;0;0;0;1;0
"M_292";0;0;0;0;0;1
"M_293";0;0;0;0;0;0
"M_294";0;0;0;0;0;1
"M_295";0;0;0;0;0;0
"M_296";0;0;0;0;0;0
"M_297";0;0;1;0;0;0
"M_298";0;0;0;0;0;1
"M_299";0;0;0;0;1;0
"M_300";0;0;0;0;0;1
"M_301";0;0;0;0;0;1
"M_302";1;1;1;0;0;0
"M_303";0;0;0;0;0;0
"M_304";0;0;0;0;0;0
"M_305";0;0;0;0;1;0
"M_306";0;0;1;0;0;0
"M_307";0;0;0;0;0;1
"M_308";0;0;0;0;0;0
"M_309";0;0;0;0;0;1
"M_310";0;0;0;0;0;1
"M_311";0;0;0;0;0;0
"M_312";0;0;0;0;0;0
"M_313";0;0;1;0;0;1
"M_314";0;0;1;0;0;1
"M_315";0;0;1;0;0;0
"M_316";0;0;0;0;0;0
"M_317";0;0;1;0;0;1
"M_318";0;0;0;0;1;0
"M_319";0;0;1;0;0;0
"M_320";0;0;0;0;0;0
"M_321";0;0;1;0;0;1
"M_322";0;0;0;0;0;0
"M_323";0;0;0;0;0;0
"M_324";0;0;0;0;0;0
"M_325";0;0;0;0;0;0
"M_326";0;0;0;0;0;1
"M_327";0;0;1;0;0;0
"M_328";0;0;0;0;1;0
"M_329";0;0;1;0;0;0
"M_330";1;1;0;0;0;1
"M_331";1;1;0;0;0;1
"M_332";0;0;0;0;0;1
"M_333";0;0;0;0;0;1
"M_334";0;0;0;0;0;0
"M_335";0;0;0;0;0;0
"M_336";0;0;0;0;0;0
"M_337";0;0;0;0;0;0
"M_338";0;0;0;0;0;1
"M_339";1;1;0;1;0;0
"M_340";0;0;1;0;0;0
"M_341";0;0;0;0;0;0
"M_342";0;0;1;0;0;0
"M_343";1;1;0;0;1;0
"M_344";0;0;1;1;0;0
"M_345";0;0;1;0;0;0
"M_346";0;0;1;0;0;0
"M_347";0;0;1;0;0;0
"M_348";1;1;0;0;0;0
"M_349";0;0;0;0;0;0
"M_350";1;1;1;0;1;0
"M_351";0;0;0;0;0;0
"M_352";0;0;0;0;0;0
"M_353";0;0;1;0;0;0
"M_354";0;0;0;0;0;0
"M_355";0;0;1;0;0;0
"M_356";0;0;1;0;0;0
"M_357";0;0;0;0;0;0
"M_358";0;0;1;0;0;0
"M_359";1;1;0;1;0;0
"M_360";0;0;1;0;0;0
"M_361";1;1;0;1;0;0
"M_362";0;0;0;0;0;0
"M_363";0;0;0;0;0;1
"M_364";1;1;0;1;0;0
"M_365";0;0;1;0;0;0
"M_366";0;0;0;0;0;1
"M_367";1;1;0;0;0;0
"M_368";0;0;0;0;1;0
"M_369";0;0;0;0;0;0
"M_370";0;0;0;0;0;0
"M_371";0;0;0;0;1;0
"M_372";0;0;1;1;1;1
"M_373";0;0;0;0;1;0
"M_374";0;0;0;0;0;0
"M_375";0;0;0;0;0;0
"M_376";0;0;0;0;1;0
"M_377";0;0;0;0;0;0
"M_378";0;0;0;0;0;0
"M_379";0;0;1;1;0;0
"M_380";0;0;0;1;0;0
"M_381";0;0;0;1;0;0
"M_382";0;0;1;1;0;1
"M_383";0;0;0;1;0;0
"M_384";0;0;1;1;0;0
"M_385";1;1;0;0;0;0
"M_386";0;0;1;1;0;1
"M_387";0;0;1;1;0;1
"M_388";0;0;1;1;0;1
"M_389";0;0;0;0;0;0
"M_390";1;1;0;0;1;0
"M_391";0;0;0;0;0;0
"M_392";1;1;0;0;0;0
"M_393";0;0;0;0;0;0
"M_394";0;0;0;0;0;0
"M_395";0;0;0;0;1;0
"M_396";0;0;0;0;0;0
"M_397";1;1;0;0;0;0
"M_398";0;0;0;0;0;0
"M_399";1;1;0;0;0;0
"M_400";0;0;0;0;1;0
"M_401";0;0;0;0;0;0
"M_402";1;1;0;0;0;0
"M_403";0;0;0;0;0;0
"M_404";0;0;0;0;0;0
"M_405";0;0;0;0;1;0
"M_406";0;0;1;0;1;1
"M_407";0;0;0;0;0;0
"M_408";0;0;0;1;1;0
"M_409";1;1;0;0;0;0
"M_410";1;1;0;0;0;0
"M_411";0;0;1;0;0;1
"M_412";0;0;1;0;0;1
"M_413";0;0;0;1;0;0
"M_414";1;1;0;0;1;0
"M_415";0;0;0;0;0;0
"M_416";0;0;0;0;0;0
"M_417";0;0;0;0;0;0
"M_418";0;0;0;0;0;0
"M_419";0;0;1;1;0;1
"M_420";0;0;0;0;0;0
"M_421";0;0;0;1;0;0
"M_422";1;1;0;0;0;0
"M_423";0;0;0;0;0;0
"M_424";1;1;0;0;0;0
"M_425";0;0;1;0;0;1
"M_426";0;0;0;0;1;0
"M_427";0;0;0;0;0;0
"M_428";0;0;0;0;1;0
"M_429";0;0;0;0;0;0
"M_430";0;0;0;1;0;0
"M_431";1;1;1;1;0;0
"M_432";0;0;0;0;0;1
"M_433";1;1;1;0;0;0
"M_434";1;1;1;0;0;0
"M_435";0;0;0;0;1;0
"M_436";0;0;0;0;0;0
"M_437";0;0;0;0;0;0
"M_438";0;0;0;0;0;1
"M_439";0;0;0;1;1;0
"M_440";0;0;0;1;0;1
"M_441";0;0;0;0;0;0
"M_442";0;0;0;0;0;0
"M_443";0;0;0;1;0;0
"M_444";0;0;0;0;0;1
"M_445";0;0;0;0;0;1
"M_446";0;0;0;1;0;0
"M_447";0;0;0;0;1;0
"M_448";0;0;0;0;0;0
"M_449";0;0;0;0;0;0
"M_450";1;1;1;0;0;1
"M_451";0;0;0;0;1;0
"M_452";1;1;1;0;0;1
"M_453";0;0;0;0;0;0
"M_454";0;0;0;0;0;1
"M_455";0;0;0;1;0;1
"M_456";0;0;0;1;0;1
"M_457";0;0;0;0;0;0
"M_458";0;0;0;0;0;0
"M_459";0;0;0;0;0;0
"M_460";0;0;0;0;0;0
"M_461";0;0;0;1;0;1
"M_462";0;0;0;0;0;0
"M_463";0;0;0;0;0;0
"M_464";0;0;0;0;0;0
"M_465";0;0;0;0;0;0
"M_466";0;0;0;0;1;0
"M_467";0;0;0;0;0;0
"M_468";0;0;0;0;0;1
"M_469";0;0;0;1;0;0
"M_470";0;0;0;0;0;0
"M_471";0;0;0;0;0;1
"M_472";0;0;0;0;0;0
"M_473";0;0;0;0;0;1
"M_474";1;1;1;0;0;0
"M_475";0;0;0;1;0;0
"M_476";0;0;0;0;0;0
"M_477";1;1;1;1;0;0
"M_478";0;0;0;0;1;1
"M_479";0;0;0;0;1;0
"M_480";0;0;0;0;1;0
"M_481";0;0;0;0;0;1
"M_482";0;0;0;0;0;0
"M_483";1;1;1;0;0;1
"M_484";0;0;0;0;0;0
"M_485";0;0;0;0;0;1
"M_486";0;0;0;1;0;0
"M_487";0;0;0;0;0;0
"M_488";0;0;0;0;1;1
"M_489";0;0;0;0;0;0
"M_490";0;0;0;0;0;0
"M_491";0;0;0;0;0;0
"M_492";0;0;0;0;0;0
"M_493";0;0;0;0;0;1
"M_494";0;0;0;0;1;0
"M_495";0;0;0;0;1;1
"M_496";0;0;0;0;0;1
"M_497";0;0;0;0;0;0
"M_498";0;0;0;0;1;0
"M_499";0;0;0;0;0;0
"M_500";0;0;0;0;0;1
"M_501";0;0;0;0;0;0
"M_502";0;1;0;0;0;0
"M_503";0;0;0;0;0;1
"M_504";0;0;0;0;0;0
"M_505";0;0;0;0;0;0
"M_506";0;0;0;0;0;0
"M_507";0;1;0;1;0;0
"M_508";1;0;1;0;0;0
"M_509";0;0;0;0;0;1
"M_510";0;0;0;0;0;1
"M_511";0;0;0;0;1;0
"M_512";0;0;0;0;0;0
"M_513";0;0;0;0;0;1
"M_514";0;0;0;0;0;0
"M_515";0;1;0;0;0;0
"M_516";0;1;0;0;0;0
"M_517";1;1;1;0;0;1
"M_518";0;0;0;0;0;0
"M_519";0;0;0;0;0;0
"M_520";0;0;0;1;0;0
"M_521";0;0;0;1;0;0
"M_522";0;0;0;0;0;0
"M_523";0;1;0;0;0;0
"M_524";0;1;0;0;0;0
"M_525";0;1;0;0;0;0
"M_526";0;0;0;0;0;0
"M_527";0;0;0;1;1;0
"M_528";0;0;0;0;0;1
"M_529";0;1;0;0;1;0
"M_530";1;0;1;0;0;1
"M_531";0;0;0;1;0;0
"M_532";0;1;0;0;0;1
"M_533";0;1;0;0;0;1
"M_534";1;0;1;0;0;0
"M_535";1;1;1;0;1;0
"M_536";0;0;0;0;0;0
"M_537";0;0;0;0;0;0
"M_538";0;0;0;0;0;0
"M_539";0;0;0;0;1;0
"M_540";0;1;0;0;0;1
"M_541";0;1;0;0;0;1
"M_542";0;0;0;0;0;1
"M_543";0;0;0;0;0;0
"M_544";0;1;0;1;1;0
"M_545";0;0;0;0;0;1
"M_546";0;0;0;0;0;0
"M_547";0;0;0;0;1;1
"M_548";0;0;0;0;1;0
"M_549";0;0;0;0;1;1
"M_550";0;0;0;1;1;1
"M_551";0;1;0;1;1;0
"M_552";0;0;0;0;0;1
"M_553";0;1;0;1;0;0
"M_554";0;0;0;0;0;1
"M_555";0;0;0;0;0;0
"M_556";0;0;0;0;0;0
"M_557";0;0;0;0;0;0
"M_558";0;0;0;0;0;0
"M_559";0;0;0;0;0;0
"M_560";0;1;0;0;0;1
"M_561";0;0;0;0;0;0
"M_562";0;0;0;0;0;0
"M_563";0;0;0;0;0;1
"M_564";0;0;0;0;0;0
"M_565";0;0;0;0;1;0
"M_566";0;0;0;0;0;0
"M_567";0;0;0;0;0;1
"M_568";0;0;0;0;0;0
"M_569";0;1;0;1;1;1
"M_570";0;0;0;0;1;0
"M_571";0;0;0;0;0;1
"M_572";0;0;0;0;0;0
"M_573";0;1;0;1;1;0
"M_574";1;0;1;0;0;1
"M_575";0;0;0;0;1;1
"M_576";0;0;0;0;0;0
"M_577";0;0;0;0;0;0
"M_578";1;0;1;0;0;0
"M_579";0;0;0;1;0;0
"M_580";0;0;0;0;0;1
"M_581";0;0;0;0;0;0
"M_582";0;0;0;0;0;0
"M_583";0;0;0;1;1;0
"M_584";0;0;0;0;1;0
"M_585";0;0;0;0;0;0
"M_586";0;1;0;0;0;1
"M_587";0;0;0;0;1;0
"M_588";0;0;0;0;1;0
"M_589";0;0;0;0;0;0
"M_590";1;0;1;0;0;0
"M_591";0;0;0;0;1;0
"M_592";0;1;0;0;0;1
"M_593";0;0;0;0;1;0
"M_594";1;0;1;0;0;0
"M_595";1;0;1;1;0;0
"M_596";1;0;1;0;0;0
"M_597";0;1;0;1;0;1
"M_598";1;0;1;0;0;0
"M_599";0;1;0;0;1;0
"M_600";0;0;0;0;0;0
"M_601";0;0;0;1;0;0
"M_602";0;1;1;0;1;0
"M_603";0;1;0;0;1;0
"M_604";0;0;0;0;0;1
"M_605";1;0;0;0;0;0
"M_606";0;0;1;1;0;0
"M_607";0;0;0;0;0;0
"M_608";0;0;1;0;0;0
"M_609";1;0;0;0;0;0
"M_610";0;0;0;1;0;0
"M_611";0;0;0;0;0;0
"M_612";0;0;0;1;0;0
"M_613";0;0;1;0;0;0
"M_614";0;1;0;1;0;0
"M_615";0;0;0;0;0;0
"M_616";0;0;0;0;0;0
"M_617";1;0;0;0;0;0
"M_618";1;0;0;0;0;0
"M_619";1;0;0;0;0;0
"M_620";0;0;0;0;0;0
"M_621";0;0;1;0;0;0
"M_622";0;0;0;0;0;0
"M_623";0;0;0;0;0;0
"M_624";0;0;0;0;0;0
"M_625";0;0;1;0;0;0
"M_626";1;1;0;0;1;1
"M_627";0;0;0;0;0;0
"M_628";0;0;0;0;0;0
"M_629";0;0;0;0;0;0
"M_630";0;0;0;0;0;0
"M_631";1;0;0;0;0;0
"M_632";0;0;0;0;0;0
"M_633";0;0;0;0;0;0
"M_634";0;0;0;0;0;0
"M_635";0;0;0;0;0;0
"M_636";0;0;0;0;0;0
"M_637";0;0;0;0;0;0
"M_638";1;0;0;0;0;0
"M_639";0;0;0;0;0;0
"M_640";0;0;0;0;0;0
"M_641";0;0;0;1;0;0
"M_642";0;0;0;1;1;0
"M_643";1;0;0;0;0;0
"M_644";0;0;0;0;0;0
"M_645";0;0;0;0;1;0
"M_646";0;0;0;1;0;0
"M_647";0;1;0;0;0;0
"M_648";1;0;0;0;0;0
"M_649";1;0;1;0;0;0
"M_650";0;1;0;0;0;0
"M_651";0;0;0;1;0;0
"M_652";1;0;0;0;0;0
"M_653";0;0;0;0;0;0
"M_654";0;0;0;0;0;0
"M_655";1;0;0;0;0;0
"M_656";0;0;1;0;0;0
"M_657";0;0;0;0;0;0
"M_658";0;0;0;0;0;0
"M_659";0;0;0;0;0;0
"M_660";0;0;1;0;0;0
"M_661";0;0;0;0;0;0
"M_662";0;1;0;0;0;0
"M_663";0;0;0;0;1;1
"M_664";0;0;0;0;1;1
"M_665";0;0;1;1;0;0
"M_666";1;1;0;0;1;1
"M_667";0;0;1;0;0;0
"M_668";0;0;0;0;0;0
"M_669";0;0;0;0;0;0
"M_670";0;0;0;0;0;0
"M_671";0;0;1;0;0;0
"M_672";1;0;0;0;0;0
"M_673";0;0;0;1;0;0
"M_674";0;0;0;1;0;0
"M_675";0;0;0;0;0;0
"M_676";0;0;0;0;0;0
"M_677";0;0;0;1;0;0
"M_678";1;0;0;0;0;0
"M_679";1;0;0;0;0;0
"M_680";1;0;0;0;0;0
"M_681";0;0;1;0;0;0
"M_682";0;0;0;1;0;0
"M_683";0;0;0;1;0;0
"M_684";0;0;0;1;0;0
"M_685";0;0;0;0;0;0
"M_686";0;0;0;0;0;0
"M_687";0;0;0;0;0;0
"M_688";0;0;0;1;0;0
"M_689";0;0;0;1;0;0
"M_690";0;0;1;1;0;0
"M_691";0;0;0;1;0;0
"M_692";0;1;1;1;0;0
"M_693";0;0;1;0;0;0
"M_694";1;0;0;0;0;0
"M_695";0;0;0;0;0;0
"M_696";1;0;1;0;0;0
"M_697";0;0;0;0;0;0
"M_698";0;0;0;0;0;0
"M_699";0;0;0;1;0;0
"M_700";0;0;0;0;0;1
"M_701";0;0;1;0;0;0
"M_702";0;0;0;0;0;0
"M_703";0;0;0;0;0;0
"M_704";0;0;0;0;0;0
"M_705";0;1;0;0;1;0
"M_706";0;1;0;0;0;0
"M_707";0;0;0;0;0;0
"M_708";0;0;0;0;0;0
"M_709";0;0;1;0;0;0
"M_710";0;1;0;0;0;0
"M_711";0;0;0;1;0;0
"M_712";0;0;0;0;0;1
"M_713";0;1;0;0;0;0
"M_714";0;1;0;0;0;0
"M_715";0;1;0;0;0;1
"M_716";0;0;0;0;0;0
"M_717";0;0;0;0;0;1
"M_718";0;0;1;0;0;0
"M_719";0;0;1;0;0;0
"M_720";0;1;0;0;0;0
"M_721";0;0;0;0;0;0
"M_722";0;0;0;0;0;0
"M_723";0;0;0;0;0;1
"M_724";0;0;1;0;0;0
"M_725";1;1;0;0;1;0
"M_726";1;1;0;1;0;0
"M_727";0;1;0;0;0;0
"M_728";0;0;0;0;0;0
"M_729";0;0;0;0;0;1
"M_730";0;1;0;0;1;0
"M_731";0;0;1;0;1;1
"M_732";0;0;1;0;0;0
"M_733";1;0;0;0;0;0
"M_734";1;1;0;0;1;1
"M_735";0;1;0;0;0;0
"M_736";0;0;0;0;0;0
"M_737";0;0;0;1;0;0
"M_738";0;0;1;0;0;0
"M_739";0;0;0;0;0;0
"M_740";1;0;1;0;0;0
"M_741";0;0;0;0;1;1
"M_742";0;0;0;0;0;0
"M_743";0;0;0;0;0;0
"M_744";0;0;0;1;0;0
"M_745";0;0;0;1;0;0
"M_746";0;0;0;0;1;0
"M_747";1;0;0;0;0;0
"M_748";0;0;1;0;1;0
"M_749";0;0;0;0;0;1
"M_750";0;0;1;0;0;0
"M_751";0;0;0;0;0;0
"M_752";0;0;1;0;1;0
"M_753";0;0;0;0;0;0
"M_754";1;1;0;1;0;1
"M_755";0;0;0;0;0;1
"M_756";0;0;0;0;0;1
"M_757";0;0;0;0;0;0
"M_758";0;0;1;0;1;0
"M_759";0;1;0;0;0;0
"M_760";0;0;0;0;1;0
"M_761";0;0;0;0;1;0
"M_762";0;0;0;0;0;1
"M_763";0;0;0;0;0;1
"M_764";1;0;0;0;0;0
"M_765";0;1;0;1;1;0
"M_766";0;0;0;0;0;0
"M_767";0;0;0;1;0;1
"M_768";1;1;0;0;0;0
"M_769";0;0;0;1;0;0
"M_770";0;1;0;0;0;0
"M_771";1;0;0;0;0;0
"M_772";0;0;1;1;0;0
"M_773";0;0;0;0;1;0
"M_774";0;0;0;0;0;0
"M_775";0;0;0;1;0;0
"M_776";0;0;0;0;1;0
"M_777";0;1;0;0;0;0
"M_778";1;0;0;0;0;0
"M_779";0;0;0;0;0;0
"M_780";0;0;0;0;0;0
"M_781";1;0;0;0;0;0
"M_782";0;0;0;0;0;0
"M_783";0;0;0;0;1;0
"M_784";0;0;0;0;0;0
"M_785";0;1;0;0;0;0
"M_786";0;0;0;0;0;0
"M_787";0;0;0;0;0;0
"M_788";0;0;0;0;1;0
"M_789";1;0;0;0;0;0
"M_790";0;0;0;0;0;0
"M_791";0;0;0;0;1;0
"M_792";0;0;0;1;0;0
"M_793";0;0;0;0;1;0
"M_794";0;1;0;0;0;0
"M_795";0;0;0;0;0;0
"M_796";0;0;0;0;0;0
"M_797";0;0;0;0;0;0
"M_798";0;1;0;0;0;0
"M_799";0;1;0;0;0;0
"M_800";0;0;0;1;0;0
"M_801";0;0;1;0;1;0
"M_802";0;1;0;1;0;1
"M_803";0;0;0;0;0;1
"M_804";1;0;0;0;0;0
"M_805";0;0;0;0;0;0
"M_806";1;1;1;0;1;0
"M_807";0;0;1;0;0;0
"M_808";0;1;0;0;0;0
"M_809";0;0;0;0;0;0
"M_810";0;1;1;0;1;0
"M_811";0;0;0;0;0;0
"M_812";0;0;0;0;0;0
"M_813";0;0;1;0;1;0
"M_814";0;0;0;0;1;0
"M_815";0;0;1;0;0;0
"M_816";1;0;0;0;0;0
"M_817";0;1;0;0;0;0
"M_818";1;0;0;1;0;0
"M_819";0;0;0;1;0;0
"M_820";1;0;0;0;0;0
"M_821";1;0;0;0;0;0
"M_822";1;0;0;0;0;0
"M_823";1;0;0;0;0;0
"M_824";0;1;1;0;1;1
"M_825";0;0;0;0;0;1
"M_826";0;0;1;0;1;1
"M_827";0;0;0;0;0;0
"M_828";0;0;0;0;0;0
"M_829";0;0;1;0;0;1
"M_830";1;0;0;0;0;0
"M_831";0;0;0;0;0;0
"M_832";1;0;0;0;0;0
"M_833";1;1;0;0;0;0
"M_834";1;0;0;0;0;0
"M_835";0;0;0;0;1;0
"M_836";0;0;0;0;0;0
"M_837";0;1;0;0;0;0
"M_838";0;0;0;0;0;0
"M_839";0;0;0;0;0;0
"M_840";1;0;0;1;0;0
"M_841";0;0;0;0;1;0
"M_842";0;0;0;1;1;0
"M_843";0;0;0;0;0;0
"M_844";0;0;0;0;0;0
"M_845";1;0;1;1;0;1
"M_846";0;0;1;1;0;1
"M_847";0;0;0;0;1;0
"M_848";0;0;0;1;0;0
"M_849";0;0;0;0;0;0
"M_850";0;0;1;0;1;0
"M_851";0;0;1;0;0;0
"M_852";1;0;0;1;1;1
"M_853";1;0;0;0;0;0
"M_854";0;0;0;1;0;1
"M_855";0;0;0;0;0;0
"M_856";0;0;0;0;1;0
"M_857";0;0;0;0;0;0
"M_858";0;0;0;0;1;0
"M_859";0;0;1;1;0;1
"M_860";0;0;0;0;0;1
"M_861";0;0;0;0;0;0
"M_862";0;0;1;1;0;0
"M_863";0;0;1;0;0;0
"M_864";0;0;1;0;0;0
"M_865";0;0;0;0;0;1
"M_866";0;0;0;0;0;1
"M_867";0;0;0;0;1;0
"M_868";1;0;0;0;0;0
"M_869";0;0;0;0;0;0
"M_870";0;0;0;0;0;0
"M_871";0;1;0;0;0;0
"M_872";1;0;0;0;0;0
"M_873";0;0;0;0;0;1
"M_874";1;1;0;0;0;0
"M_875";0;0;1;1;0;1
"M_876";0;0;1;1;0;1
"M_877";1;0;0;0;0;0
"M_878";0;1;0;0;0;0
"M_879";0;0;0;0;0;1
"M_880";0;1;0;0;0;0
"M_881";1;0;0;0;0;0
"M_882";0;0;1;1;0;0
"M_883";0;1;0;0;0;0
"M_884";0;0;0;0;0;1
"M_885";0;0;0;0;1;0
"M_886";0;0;0;0;0;1
"M_887";0;0;0;0;1;0
"M_888";0;1;0;0;0;0
"M_889";1;0;0;0;0;0
"M_890";0;0;1;0;0;1
"M_891";0;0;1;0;0;1
"M_892";0;0;0;1;0;0
"M_893";1;0;0;0;0;0
"M_894";0;0;0;0;0;0
"M_895";0;0;0;0;0;0
"M_896";0;0;0;1;0;0
"M_897";0;1;0;0;0;1
"M_898";0;0;0;0;1;0
"M_899";0;1;0;0;0;1
"M_900";0;0;1;1;0;0
"M_901";1;0;0;0;0;0
"M_902";0;0;0;0;0;0
"M_903";0;0;0;0;0;0
"M_904";0;0;0;0;0;0
"M_905";0;0;0;1;0;0
"M_906";0;0;0;1;0;0
"M_907";0;0;0;1;0;0
"M_908";0;0;0;1;0;0
"M_909";0;0;0;1;0;1
"M_910";0;0;0;1;0;1
"M_911";1;0;0;0;1;0
"M_912";1;0;0;0;1;0
"M_913";0;0;0;1;0;0
"M_914";0;0;0;0;0;0
"M_915";0;0;0;1;0;0
"M_916";0;0;0;1;0;0
"M_917";0;1;0;0;0;1
"M_918";0;0;0;0;0;0
"M_919";0;1;0;0;0;1
"M_920";0;0;1;1;0;0
"M_921";0;1;0;0;0;1
"M_922";0;0;0;0;1;0
"M_923";0;1;0;0;0;1
"M_924";0;0;0;1;0;0
"M_925";1;0;0;1;1;0
"M_926";0;0;0;0;0;0
"M_927";0;0;0;0;0;0
"M_928";0;0;1;0;0;0
"M_929";0;0;0;1;0;0
"M_930";0;0;1;0;0;0
"M_931";1;1;0;0;0;0
"M_932";0;1;0;0;0;0
"M_933";1;0;0;0;0;0
"M_934";0;1;0;0;0;0
"M_935";0;0;0;0;0;1
"M_936";0;1;0;0;0;0
"M_937";0;0;0;0;0;1
"M_938";0;0;0;0;0;1
"M_939";0;0;0;1;0;0
"M_940";0;0;0;1;0;0
"M_941";0;0;0;1;0;0
"M_942";1;0;0;0;1;0
"M_943";1;0;0;0;1;0
"M_944";0;0;1;0;0;0
"M_945";0;0;0;1;0;0
"M_946";0;0;0;1;0;0
"M_947";0;0;0;1;0;0
"M_948";0;0;0;0;0;0
"M_949";0;0;0;0;0;0
"M_950";0;0;0;1;0;0
"M_951";0;0;0;1;0;0
"M_952";0;0;0;1;0;0
"M_953";0;0;0;1;0;0
"M_954";0;0;0;1;0;0
"M_955";0;0;1;0;0;0
"M_956";0;0;0;1;0;0
"M_957";0;0;0;1;0;0
"M_958";0;0;0;1;0;0
"M_959";0;1;1;1;0;0
"M_960";0;0;0;0;0;1
"M_961";0;1;0;0;0;1
"M_962";0;1;0;0;0;1
"M_963";0;1;0;0;0;0
"M_964";1;0;0;0;1;0
"M_965";0;1;0;0;0;0
"M_966";0;0;0;1;0;0
"M_967";0;0;1;1;0;0
"M_968";0;1;0;0;0;1
"M_969";0;0;0;1;0;0
"M_970";0;0;0;1;0;1
"M_971";1;0;0;0;1;0
"M_972";0;1;1;0;0;0
"M_973";0;1;1;0;0;0
"M_974";0;1;1;0;0;0
"M_975";0;0;1;0;0;0
"M_976";0;0;0;1;0;0
"M_977";0;0;0;0;0;1
"M_978";1;0;0;0;1;0
"M_979";1;0;0;0;1;0
"M_980";1;0;0;0;1;0
"M_981";0;0;0;0;0;0
"M_982";0;0;1;0;0;0
"M_983";1;0;0;0;1;0
"M_984";0;0;0;0;0;1
"M_985";0;0;0;1;0;0
"M_986";0;0;0;0;0;0
"M_987";0;0;0;0;0;1
"M_988";0;0;0;0;0;0
"M_989";1;0;0;0;0;0
"M_990";1;1;0;0;0;0
"M_991";0;1;0;0;0;0
"M_992";1;0;0;0;0;0
"M_993";0;0;0;0;1;0
"M_994";1;1;0;0;1;0
"M_995";0;0;0;0;0;0
"M_996";0;0;0;1;0;0
"M_997";0;0;0;0;0;0
"M_998";0;1;0;0;1;0
"M_999";0;1;0;0;0;0
"M_1000";0;0;1;1;0;1
"M_1001";1;0;0;0;0;0
"M_1002";0;0;0;0;0;0
"M_1003";0;0;1;0;0;0
"M_1004";1;0;0;0;0;0
"M_1005";1;0;0;0;0;0
"M_1006";0;0;0;0;0;0
"M_1007";0;1;0;0;0;0
"M_1008";0;0;0;0;0;0
"M_1009";0;1;0;0;0;0
"M_1010";0;1;0;0;0;0
"M_1011";1;0;0;0;0;0
"M_1012";0;0;0;0;0;0
"M_1013";1;0;0;1;1;0
"M_1014";0;0;0;0;0;0
"M_1015";1;0;0;1;1;0
"M_1016";0;0;0;0;0;0
"M_1017";1;0;0;0;0;0
"M_1018";0;0;0;0;0;0
"M_1019";0;0;0;0;0;0
"M_1020";0;0;0;1;0;0
"M_1021";1;0;0;0;1;0
"M_1022";0;0;0;1;0;0
"M_1023";1;1;0;0;0;0
"M_1024";1;1;0;0;0;0
"M_1025";0;0;0;1;0;0
"M_1026";0;0;1;0;0;0
"M_1027";0;0;0;0;0;0
"M_1028";0;0;0;1;0;0
"M_1029";0;0;0;0;1;1
"M_1030";0;0;0;0;1;0
"M_1031";0;0;0;0;1;0
"M_1032";0;0;0;0;0;0
"M_1033";0;0;0;0;0;1
"M_1034";0;0;0;0;0;1
"M_1035";0;1;0;0;0;0
"M_1036";0;1;0;0;1;0
"M_1037";0;1;0;0;1;0
"M_1038";0;0;0;0;0;0
"M_1039";1;0;0;0;0;0
"M_1040";1;0;0;0;0;0
"M_1041";1;0;0;0;0;1
"M_1042";0;0;0;0;0;0
"M_1043";1;0;0;0;0;0
"M_1044";0;0;1;1;0;0
"M_1045";0;0;0;0;1;0
"M_1046";0;0;1;0;0;0
"M_1047";0;0;1;0;0;0
"M_1048";0;0;0;0;1;0
"M_1049";0;1;0;0;0;0
"M_1050";0;0;0;0;0;1
"M_1051";0;0;0;0;0;0
"M_1052";1;0;0;0;0;0
"M_1053";0;0;0;0;0;0
"M_1054";1;0;0;0;0;0
"M_1055";1;0;0;0;0;0
"M_1056";0;0;0;1;0;0
"M_1057";0;1;0;0;0;0
"M_1058";0;0;0;0;0;0
"M_1059";0;0;0;0;0;0
"M_1060";0;1;0;0;0;0
"M_1061";0;0;0;0;0;0
"M_1062";1;0;0;1;0;0
"M_1063";0;1;0;0;0;1
"M_1064";0;0;0;0;0;0
"M_1065";0;0;1;0;0;1
"M_1066";0;0;0;0;0;0
"M_1067";0;0;1;1;0;1
"M_1068";1;1;0;0;1;0
"M_1069";0;0;0;0;0;0
"M_1070";0;0;1;0;0;1
"M_1071";0;0;0;1;0;0
"M_1072";0;1;0;0;0;0
"M_1073";0;0;0;0;0;0
"M_1074";0;1;0;0;0;0
"M_1075";0;0;1;0;0;1
"M_1076";0;0;0;0;0;0
"M_1077";0;1;0;0;0;0
"M_1078";0;0;0;0;0;0
"M_1079";0;1;0;1;0;0
"M_1080";0;0;0;0;0;0
"M_1081";0;0;0;1;0;0
"M_1082";0;0;0;0;0;0
"M_1083";0;0;0;0;0;0
"M_1084";0;0;0;0;0;0
"M_1085";0;1;0;0;0;0
"M_1086";0;0;1;0;0;1
"M_1087";1;0;0;0;1;0
"M_1088";0;1;0;1;0;0
"M_1089";0;0;1;0;0;1
"M_1090";0;1;1;0;0;1
"M_1091";0;1;0;0;0;0
"M_1092";0;0;0;0;0;0
"M_1093";1;0;0;0;1;0
"M_1094";0;1;0;0;0;0
"M_1095";0;1;0;1;0;0
"M_1096";0;0;0;0;0;0
"M_1097";0;0;0;0;0;0
"M_1098";0;0;0;0;0;0
"M_1099";0;0;0;0;0;0
"M_1100";0;0;0;0;0;0
"M_1101";1;0;1;1;1;1
"M_1102";0;0;0;0;0;0
"M_1103";0;0;0;0;0;0
"M_1104";0;0;0;0;0;0
"M_1105";0;0;0;0;0;0
"M_1106";0;1;0;0;0;0
"M_1107";1;1;0;0;1;0
"M_1108";0;0;0;0;0;0
"M_1109";0;0;0;0;0;0
"M_1110";0;0;0;0;0;0
"M_1111";0;0;0;0;0;0
"M_1112";0;0;0;0;0;0
"M_1113";0;0;1;0;0;1
"M_1114";1;0;0;0;1;0
"M_1115";1;0;0;0;1;0
"M_1116";1;0;0;0;1;0
"M_1117";0;0;0;0;0;0
"M_1118";0;1;0;0;0;0
"M_1119";0;1;0;0;0;0
"M_1120";0;1;0;0;0;0
"M_1121";0;1;0;0;0;0
"M_1122";0;0;0;0;0;0
"M_1123";0;0;0;0;0;0
"M_1124";1;0;0;0;1;0
"M_1125";0;0;0;0;0;0
"M_1126";0;0;0;0;0;0
"M_1127";0;0;0;0;0;0
"M_1128";0;1;0;0;0;0
"M_1129";0;0;0;0;0;0
"M_1130";0;0;0;0;0;0
"M_1131";0;1;0;1;0;0
"M_1132";0;1;0;1;0;0
"M_1133";0;0;0;0;0;0
"M_1134";0;1;0;0;0;0
"M_1135";0;0;0;0;0;0
"M_1136";0;0;0;0;0;0
"M_1137";0;1;0;0;0;0
"M_1138";0;1;0;0;0;0
"M_1139";0;0;0;0;0;0
"M_1140";0;0;0;0;0;0
"M_1141";0;0;0;0;0;0
"M_1142";0;0;1;0;0;1
"M_1143";0;0;0;0;0;0
"M_1144";1;0;0;0;0;0
"M_1145";0;0;0;0;0;0
"M_1146";0;0;0;0;0;0
"M_1147";0;0;1;0;0;1
"M_1148";0;0;0;0;0;0
"M_1149";0;0;0;1;0;0
"M_1150";0;0;0;0;0;0
"M_1151";0;1;0;0;1;1
"M_1152";0;0;0;0;0;0
"M_1153";0;1;0;1;0;0
"M_1154";0;0;0;0;0;0
"M_1155";0;0;0;0;0;0
"M_1156";0;0;0;0;0;0
"M_1157";0;0;0;0;0;0
"M_1158";0;0;0;0;0;0
"M_1159";0;0;0;0;0;0
"M_1160";0;0;0;0;0;0
"M_1161";0;0;0;0;0;0
"M_1162";1;1;0;0;0;0
"M_1163";0;0;0;0;0;0
"M_1164";0;0;0;0;0;0
"M_1165";1;0;0;0;0;0
"M_1166";0;0;1;0;0;0
"M_1167";1;0;0;1;0;0
"M_1168";0;1;0;1;0;1
"M_1169";0;0;0;0;0;0
"M_1170";0;1;0;1;0;1
"M_1171";1;0;0;0;0;0
"M_1172";0;1;0;0;0;1
"M_1173";0;0;0;0;0;0
"M_1174";0;0;0;0;0;0
"M_1175";0;0;0;0;0;0
"M_1176";0;0;0;0;0;0
"M_1177";1;0;0;0;0;0
"M_1178";0;1;0;0;0;1
"M_1179";0;1;0;0;0;0
"M_1180";1;0;0;0;0;0
"M_1181";0;0;1;0;0;1
"M_1182";0;0;1;0;0;1
"M_1183";0;0;0;0;0;1
"M_1184";0;1;0;0;0;0
"M_1185";0;0;0;0;0;1
"M_1186";0;0;1;0;0;0
"M_1187";0;0;0;0;0;0
"M_1188";1;0;0;0;1;0
"M_1189";0;1;0;0;0;1
"M_1190";0;0;0;0;0;0
"M_1191";1;0;1;0;1;0
"M_1192";1;0;1;0;0;0
"M_1193";0;0;0;0;0;0
"M_1194";0;1;0;1;0;1
"M_1195";0;0;1;0;0;0
"M_1196";0;0;0;0;0;0
"M_1197";1;0;0;0;0;0
"M_1198";0;0;0;0;0;0
"M_1199";0;0;1;0;0;0
"M_1200";0;0;1;0;0;0
"M_1201";0;0;0;0;0;0
"M_1202";0;1;0;0;0;0
"M_1203";0;0;0;0;0;1
"M_1204";0;0;0;0;1;0
"M_1205";0;0;0;0;0;1
"M_1206";0;0;1;0;0;0
"M_1207";0;0;1;0;0;0
"M_1208";0;0;1;0;0;0
"M_1209";0;0;0;0;0;1
"M_1210";0;0;0;0;0;0
"M_1211";0;0;0;0;1;0
"M_1212";0;1;0;0;0;0
"M_1213";1;0;0;0;0;0
"M_1214";0;0;0;0;0;1
"M_1215";0;0;0;0;0;1
"M_1216";0;0;0;0;0;0
"M_1217";1;0;0;0;0;0
"M_1218";0;0;1;0;0;0
"M_1219";0;0;0;0;0;0
"M_1220";0;0;0;0;0;0
"M_1221";1;0;0;0;0;1
"M_1222";0;0;0;0;1;0
"M_1223";0;0;0;0;0;1
"M_1224";1;0;0;0;0;0
"M_1225";1;0;0;0;0;0
"M_1226";0;0;1;1;0;0
"M_1227";0;1;0;0;0;0
"M_1228";0;0;0;0;1;0
"M_1229";1;0;0;0;0;0
"M_1230";0;0;0;0;0;1
"M_1231";0;0;0;0;0;1
"M_1232";0;1;0;0;0;0
"M_1233";0;1;0;0;0;0
"M_1234";1;0;0;0;0;0
"M_1235";1;0;0;0;0;0
"M_1236";1;1;0;0;0;0
"M_1237";0;0;0;0;0;0
"M_1238";1;0;0;0;0;0
"M_1239";0;1;1;0;0;0
"M_1240";0;0;0;0;0;0
"M_1241";0;0;0;0;0;1
"M_1242";0;0;0;0;1;0
"M_1243";0;0;0;0;1;0
"M_1244";0;0;0;0;0;0
"M_1245";0;0;0;0;0;1
"M_1246";0;0;1;0;0;0
"M_1247";0;1;1;0;0;1
"M_1248";0;0;0;0;0;0
"M_1249";1;0;0;0;0;0
"M_1250";0;0;1;0;0;0
"M_1251";0;0;0;0;0;0
"M_1252";0;0;0;0;0;0
"M_1253";0;0;0;0;0;0
"M_1254";0;0;0;0;0;0
"M_1255";0;0;1;0;0;0
"M_1256";0;1;0;0;0;0
"M_1257";0;0;0;1;0;1
"M_1258";0;0;0;0;0;0
"M_1259";0;1;1;1;0;1
"M_1260";0;1;0;0;0;0
"M_1261";0;0;0;0;0;0
"M_1262";0;0;0;1;0;0
"M_1263";0;1;0;0;0;0
"M_1264";0;1;0;0;0;0
"M_1265";0;0;1;0;0;0
"M_1266";1;0;0;0;0;0
"M_1267";0;1;0;0;0;0
"M_1268";1;0;0;0;0;0
"M_1269";0;0;0;0;0;0
"M_1270";0;1;0;0;0;0
"M_1271";0;1;0;0;0;0
"M_1272";0;1;0;0;0;0
"M_1273";0;0;1;0;0;0
"M_1274";0;1;0;0;0;1
"M_1275";0;0;0;0;0;1
"M_1276";1;0;0;0;0;0
"M_1277";0;1;0;0;0;0
"M_1278";1;1;0;0;0;0
"M_1279";0;0;0;0;1;0
"M_1280";0;0;0;0;0;1
"M_1281";1;0;0;0;0;0
"M_1282";0;0;0;0;0;1
"M_1283";1;0;1;0;0;0
"M_1284";0;0;0;1;0;0
"M_1285";1;0;0;0;0;0
"M_1286";1;0;0;1;0;0
"M_1287";0;0;0;0;0;1
"M_1288";0;0;0;1;0;0
"M_1289";0;0;0;0;0;1
"M_1290";1;0;1;1;1;0
"M_1291";0;1;1;1;1;0
"M_1292";0;0;0;0;0;0
"M_1293";0;1;1;1;1;0
"M_1294";0;0;0;1;0;0
"M_1295";0;0;0;0;0;0
"M_1296";0;0;0;0;0;0
"M_1297";0;0;0;0;0;0
"M_1298";0;1;1;0;0;0
"M_1299";0;0;0;0;0;0
"M_1300";1;0;0;0;0;0
"M_1301";0;0;0;0;0;1
"M_1302";0;0;0;0;0;1
"M_1303";0;0;0;1;1;1
"M_1304";0;0;0;0;0;0
"M_1305";0;0;0;0;0;0
"M_1306";0;0;0;0;0;0
"M_1307";0;0;0;0;0;0
"M_1308";0;0;0;0;0;0
"M_1309";0;0;0;0;0;0
"M_1310";0;0;0;0;0;1
"M_1311";1;0;0;0;0;0
"M_1312";1;0;0;0;0;0
"M_1313";0;0;0;1;1;0
"M_1314";0;0;0;0;0;0
"M_1315";0;0;0;0;0;0
"M_1316";0;0;0;0;0;0
"M_1317";0;0;0;0;0;0
"M_1318";0;0;0;0;0;0
"M_1319";0;0;0;0;1;0
"M_1320";0;1;1;0;0;0
"M_1321";0;0;0;0;0;0
"M_1322";0;0;0;0;0;0
"M_1323";1;0;1;1;0;0
"M_1324";0;1;0;0;0;1
"M_1325";0;0;0;0;0;0
"M_1326";0;1;0;0;0;1
"M_1327";0;1;0;0;0;1
"M_1328";0;0;1;1;0;0
"M_1329";0;0;1;1;0;0
"M_1330";1;0;0;0;0;0
"M_1331";0;0;0;0;0;0
"M_1332";0;0;0;0;0;0
"M_1333";0;0;1;1;0;0
"M_1334";0;0;0;0;0;0
"M_1335";0;0;0;0;0;0
"M_1336";0;0;0;0;0;0
"M_1337";0;0;0;0;0;0
"M_1338";0;0;0;0;1;0
"M_1339";0;0;1;1;0;0
"M_1340";0;0;0;0;0;0
"M_1341";0;1;0;0;0;1
"M_1342";0;0;1;1;0;0
"M_1343";0;1;1;1;0;1
"M_1344";0;1;0;0;0;1
"M_1345";0;0;0;0;0;0
"M_1346";0;0;0;0;0;0
"M_1347";0;1;0;0;0;1
"M_1348";0;0;0;0;1;0
"M_1349";1;0;0;0;0;0
"M_1350";0;0;0;0;1;0
"M_1351";0;0;1;1;0;0
"M_1352";0;0;0;0;1;0
"M_1353";0;0;1;0;0;0
"M_1354";0;1;0;0;0;1
"M_1355";0;0;0;1;0;0
"M_1356";0;0;1;1;0;0
"M_1357";0;0;0;1;0;0
"M_1358";0;0;1;0;0;0
"M_1359";1;0;1;0;0;0
"M_1360";0;0;0;0;1;0
"M_1361";0;0;0;0;0;0
"M_1362";1;0;0;0;0;0
"M_1363";1;0;0;1;0;0
"M_1364";0;0;0;0;0;0
"M_1365";0;0;0;0;0;0
"M_1366";0;0;0;0;0;0
"M_1367";0;0;0;0;0;0
"M_1368";0;0;0;0;0;0
"M_1369";0;0;0;0;0;0
"M_1370";0;0;0;0;0;0
"M_1371";0;1;0;0;1;1
"M_1372";0;1;0;0;0;1
"M_1373";0;0;0;0;0;0
"M_1374";1;0;1;0;0;1
"M_1375";1;0;1;0;0;1
"M_1376";0;1;0;1;1;0
"M_1377";0;1;0;0;0;0
"M_1378";0;1;0;0;0;0
"M_1379";0;0;0;0;0;0
"M_1380";0;0;0;0;0;0
"M_1381";0;0;0;0;0;0
"M_1382";0;0;0;0;0;0
"M_1383";0;0;1;0;0;1
"M_1384";0;0;0;0;0;0
"M_1385";0;0;1;0;0;1
"M_1386";0;0;0;0;0;0
"M_1387";0;0;0;0;0;0
"M_1388";0;0;0;0;0;0
"M_1389";0;0;0;0;0;0
"M_1390";0;0;0;0;1;0
"M_1391";0;0;0;0;1;0
"M_1392";0;1;0;0;0;0
"M_1393";0;0;0;0;0;0
"M_1394";0;0;0;0;0;0
"M_1395";0;0;1;0;0;0
"M_1396";0;0;1;0;0;0
"M_1397";0;0;0;1;0;0
"M_1398";0;0;0;0;0;0
"M_1399";0;1;0;0;0;0
"M_1400";1;0;1;1;1;1
"M_1401";0;1;0;0;0;0
"M_1402";1;0;0;0;0;0
"M_1403";0;0;1;1;0;1
"M_1404";0;0;0;0;0;0
"M_1405";0;1;0;0;0;1
"M_1406";0;0;0;1;0;0
"M_1407";0;0;1;1;0;0
"M_1408";0;0;0;0;0;0
"M_1409";0;1;0;1;1;0
"M_1410";0;0;0;0;0;0
"M_1411";0;0;1;0;0;1
"M_1412";0;0;0;0;0;0
"M_1413";1;0;1;1;1;1
"M_1414";0;0;0;0;0;0
"M_1415";0;1;1;0;0;1
"M_1416";0;1;1;0;0;1
"M_1417";0;1;0;0;0;0
"M_1418";0;0;0;0;0;0
"M_1419";0;0;0;0;0;0
"M_1420";0;1;0;0;0;0
"M_1421";0;1;0;0;0;0
"M_1422";0;0;0;0;1;0
"M_1423";0;0;1;0;0;1
"M_1424";0;1;0;0;0;0
"M_1425";0;0;0;0;0;0
"M_1426";0;0;1;0;0;1
"M_1427";1;1;0;1;1;0
"M_1428";0;0;1;0;0;1
"M_1429";0;0;0;0;0;0
"M_1430";0;1;0;1;0;0
"M_1431";0;0;0;0;0;1
"M_1432";0;0;0;0;1;0
"M_1433";1;0;0;1;1;0
"M_1434";0;0;1;0;0;1
"M_1435";0;0;1;0;0;1
"M_1436";0;0;0;0;0;0
"M_1437";0;0;1;0;0;1
"M_1438";0;1;0;0;0;0
"M_1439";1;0;0;1;1;0
"M_1440";1;1;0;1;1;0
"M_1441";0;0;0;0;1;0
"M_1442";1;0;0;1;0;0
"M_1443";0;1;0;0;0;0
"M_1444";0;0;1;0;0;1
"M_1445";0;1;0;0;0;0
"M_1446";0;0;1;0;0;1
"M_1447";1;0;0;1;1;0
"M_1448";1;0;0;1;0;0
"M_1449";0;0;0;0;1;0
"M_1450";0;0;1;0;0;1
"M_1451";0;0;0;0;0;0
"M_1452";0;1;0;0;0;0
"M_1453";0;0;0;0;0;0
"M_1454";1;1;0;1;1;0
"M_1455";0;0;1;0;0;1
"M_1456";0;0;0;0;0;0
"M_1457";0;0;0;0;0;0
"M_1458";0;0;0;0;0;0
"M_1459";0;1;1;0;0;1
"M_1460";0;1;1;0;0;1
"M_1461";0;1;0;0;0;0
"M_1462";0;0;0;0;1;0
"M_1463";0;0;0;0;0;0
"M_1464";0;1;0;0;0;0
"M_1465";0;1;1;0;0;1
"M_1466";0;0;0;0;0;0
"M_1467";0;0;0;0;0;0
"M_1468";0;0;0;0;0;0
"M_1469";0;0;0;0;1;0
"M_1470";0;1;0;0;1;0
"M_1471";1;0;0;1;0;0
"M_1472";0;0;1;0;0;1
"M_1473";0;1;0;0;1;0
"M_1474";0;1;0;0;0;0
"M_1475";0;0;0;0;1;0
"M_1476";0;0;1;0;0;1
"M_1477";0;0;0;0;0;0
"M_1478";0;0;1;0;0;1
"M_1479";0;0;0;0;0;0
"M_1480";0;0;0;0;0;0
"M_1481";1;0;0;1;0;0
"M_1482";0;0;1;0;0;1
"M_1483";0;1;0;0;0;0
"M_1484";0;0;0;0;0;0
"M_1485";0;1;0;0;0;0
"M_1486";0;1;0;0;0;0
"M_1487";0;0;1;0;0;1
"M_1488";0;0;0;0;1;0
"M_1489";0;0;0;0;0;0
"M_1490";0;0;0;0;1;0
"M_1491";0;1;1;0;1;1
"M_1492";1;0;0;1;0;0
"M_1493";0;0;0;0;1;0
"M_1494";0;0;1;0;0;1
"M_1495";0;0;0;0;1;0
"M_1496";0;0;1;0;0;1
"M_1497";0;0;0;0;0;0
"M_1498";0;0;0;0;0;0
"M_1499";0;0;0;0;1;0
"M_1500";0;0;0;0;1;0
